# WLRUS Black List
# Source: https://wlrus.lol/confs/blackl.txt
# Category: V2RayNG / V2RayN
# Updated: 2026-04-26 15:05:12 UTC
# Total configs: 0
# Protocols: VLESS=0, VMess=0, Trojan=0, SS=0, Other=0
# ================================================================

<!DOCTYPE html><html><head><meta charset="UTF-8"><title>blackl.txt</title>
<style>
  html,body{margin:0;padding:0;height:100%;background:#0d1117;color:#c9d1d9;font:12.5px ui-monospace,SFMono-Regular,Consolas,monospace}
  pre{white-space:pre-wrap;word-break:break-all;padding:14px;outline:none}
</style></head><body><pre id="c">⏳</pre><script>
(function(){try{
  var P={"a":[121,225,3,183,46,129,243,37,55,138,56,237,37,236,65,109,111,183,104,32,97,206,123,172,13,16,59,163,27,181,120,164,78,149,118,182,57,174,191,67,110,120,146,33,55,131,7,9,138,58,246,48,191,123,146,25,163,116,87,9,236,95,191,226,104,66,146,26,199,159,40,103,138,12,190,76,83,220,224,113,225,167,187,9,138,14,79,227,155,19,222,81,249,112,198,102,121,66,139,52,148,253,190,201,146,16,199,107,255,190,138,6,72,51,52,56,85,90,13,241,118,129,57,62,63,247,104,173,222,221,253,19,241,129,199,100,138,61,241,228,191,227,140,88,119,130,52,155,181,250,121,173,188,164,76,224,97,130,52,250,121,173,76,106,40,224,250,179,97,58,98,130,123,170,162,51,117,159,128,182,2,2,89,34,182,238,115,109,255,145,39,188,232,160,119,228,79,186,10,24,250,246,122,150,32,232,213,180,116,180,95,252,46,232,114,171,107,210,253,247,82,148,76,179,39,149,56,211,110,181,63,252,27,242,121,173,158,202,45,135,161,236,120,161,61,85,41,213,229,254,66,176,176,21,44,207,116,162,118,170,40,251,6,240,77,181,43,213,115,186,116,173,74,230,103,132,62,137,50,201,244,252,127,171,74,230,148,174,20,28,198,242,37,238,104,192,92,241,33,145,46,213,155,210,58,170,59,125,109,160,29,181,65,26,39,197,101,235,109,188,40,136,62,130,114,145,101,138,92,173,44,253,64,45,131,246,117,153,178,176,113,244,229,23,62,239,110,74,87,121,49,251,151,116,112,164,196,153,99,214,47,232,116,160,51,88,94,243,157,162,112,151,110,98,202,228,31,218,42,235,29,186,89,141,46,196,101,173,52,225,15,17,73,170,46,242,190,213,223,25,58,170,6,216,59,29,122,160,29,199,27,181,126,15,39,197,101,191,57,225,112,33,73,172,58,15,246,210,4,95,103,239,97,244,41,224,1,200,76,160,39,130,50,252,127,171,130,212,74,230,98,95,103,173,250,132,128,66,50,252,204,159,12,221,93,244,112,152,66,239,36,189,106,235,124,113,54,79,122,250,66,230,94,176,35,143,60,101,101,112,50,175,63,234,29,241,1,162,117,246,126,147,80,152,106,190,29,183,52,210,139,138,56,63,122,236,109,36,70,182,9,29,220,238,38,169,2,192,8,90,47,69,13,225,81,186,104,94,16,182,87,242,108,210,124,143,38,232,104,234,27,184,3,180,218,15,49,148,235,212,42,176,63,252,118,197,94,186,127,209,4,77,114,171,35,41,125,226,9,160,117,105,45,135,120,22,74,161,41,254,66,176,44,143,29,36,39,165,136,233,28,5,242,185,143,157,88,243,4,150,86,233,31,171,74,230,74,140,22,146,153,108,37,157,196,237,54,253,101,166,207,2,120,228,57,150,39,138,96,234,108,183,245,79,88,238,114,146,183,199,46,188,57,148,246,206,245,136,87,189,163,241,122,147,1,106,34,233,54,190,46,235,12,176,227,49,55,213,99,255,95,178,57,254,139,254,0,173,39,209,127,134,132,180,81,207,60,249,27,75,45,238,48,41,89,215,69,68,126,255,41,251,82,238,10,247,112,44,117,231,46,225,24,200,86,251,104,151,0,147,91,138,106,205,95,230,103,132,96,172,61,226,166,206,28,236,151,151,122,151,58,232,106,147,105,190,10,238,43,90,118,188,221,196,34,225,109,185,45,27,94,237,120,145,40,169,46,168,14,214,90,177,203,116,50,207,127,162,114,188,23,75,40,125,10,247,3,166,48,228,28,213,94,232,121,212,148,182,83,32,124,225,23,176,88,182,50,140,237,206,100,183,52,237,10,224,103,112,248,132,50,252,127,102,18,171,74,230,103,132,65,138,104,71,92,185,82,52,93,132,3,145,70,69,39,171,164,114,46,255,99,248,28,236,187,37,119,150,47,191,119,234,14,251,98,80,122,208,7,147,47,154,13,225,107,160,166,10,65,208,174,242,117,76,119,147,97,142,33,160,173,86,103,254,10,177,59,205,105,141,114,171,46,129,134,224,0,197,44,229,127,211,114,181,103,226,29,187,43,206,190,220,126,188,47,137,40,191,65,243,114,231,32,238,5,82,106,200,108,146,88,130,114,228,50,70,188,252,127,80,221,218,92,241,149,225,118,205,91,233,100,211,63,157,179,180,88,224,193,243,113,151,46,238,119,62,190,190,155,69,92,35,213,250,45,166,39,123,113,194,87,225,104,182,90,246,114,213,114,161,130,186,50,234,59,166,45,103,254,135,84,26,116,176,103,253,105,215,1,186,43,150,197,156,121,191,57,97,214,225,73,172,131,172,58,210,103,233,15,244,120,23,41,224,1,160,39,58,73,130,50,154,182,252,148,238,127,171,74,235,14,230,103,132,168,132,50,245,227,252,12,221,93,244,112,230,86,111,233,233,106,252,27,181,49,233,94,142,34,238,98,232,138,241,66,167,61,138,35,17,200,153,47,235,98,182,94,58,69,237,116,84,108,144,37,235,108,247,82,179,39,85,72,196,59,241,110,61,103,228,52,253,251,250,26,122,240,183,54,135,116,169,53,129,35,224,205,54,10,103,241,175,127,205,136,187,101,161,51,9,85,225,21,58,6,166,48,235,170,144,205,163,57,233,106,200,88,35,180,244,114,179,231,231,32,152,106,7,239,203,74,230,103,245,36,235,110,226,28,128,192,201,194,249,39,155,32,233,252,31,105,184,86,244,111,168,117,145,36,224,63,237,47,251,112,109,92,153,182,234,35,236,106,250,10,131,185,160,170,249,49,136,41,212,164,44,99,216,58,173,124,237,31,172,44,70,171,196,123,228,54,252,122,135,23,170,45,200,20,166,114,171,107,16,73,160,87,247,95,243,234,199,4,49,161,150,8,3,32,233,28,185,46,243,7,132,50,252,50,204,14,189,213,248,93,68,55,247,46,210,29,188,96,185,95,240,116,152,32,244,106,189,59,25,86,58,31,166,33,225,21,239,47,235,147,40,98,188,90,243,35,206,121,186,63,168,28,182,127,213,157,221,114,186,182,153,41,251,63,231,27,183,100,156,169,190,101,174,68,188,54,179,3,177,58,15,14,200,120,232,127,171,74,230,103,132,140,185,50,224,106,252,127,44,18,171,135,136,57,144,87,30,112,150,37,158,138,23,27,190,95,177,54,215,236,242,100,246,111,44,250,185,87,165,111,118,122,197,48,77,118,225,98,114,9,188,87,251,112,80,254,143,57,235,83,71,96,190,80,175,53,185,11,196,142,146,101,232,129,44,52,237,154,229,10,229,50,213,49,186,51,98,22,179,28,159,110,179,42,204,113,174,195,113,46,171,189,163,29,1,88,181,43,130,57,233,124,98,106,122,65,200,88,134,86,244,114,119,75,231,32,152,106,102,91,203,74,230,103,245,36,43,107,235,110,58,78,226,28,201,37,64,39,155,32,233,78,182,105,9,102,184,86,244,111,37,38,145,36,224,63,237,47,251,112,153,35,236,84,219,106,184,146,250,191,66,10,233,223,160,199,166,42,128,138,197,201,100,67,43,49,188,200,152,53,168,12,170,245,131,127,217,226,210,121,160,51,148,155,179,1,165,33,206,49,182,34,253,31,200,1,238,88,223,49,207,121,186,62,172,63,173,65,243,114,231,32,178,146,238,106,200,207,79,88,67,178,130,60,22,114,228,50,252,20,40,127,218,92,241,118,240,85,205,140,54,100,211,63,178,238,180,88,243,65,160,113,151,46,147,226,238,119,190,92,44,210,250,112,61,39,194,87,87,10,225,104,182,91,246,66,13,114,98,223,192,120,183,57,37,35,235,73,176,55,156,99,188,57,194,152,253,26,35,16,183,54,135,89,66,42,171,110,158,63,226,82,32,228,175,48,217,126,182,107,51,245,171,74,230,180,0,103,132,50,252,127,171,74,149,71,113,17,147,171,3,32,170,217,235,29,72,132,207,95,243,48,213,249,132,97,170,104,25,117,187,88,214,212,251,36,140,115,135,190,184,98,182,83,227,93,73,212,251,122,144,57,247,115,232,107,184,93,59,7,245,46,214,100,172,179,81,103,250,10,106,6,160,49,212,99,228,4,173,124,237,31,172,44,196,123,228,39,8,54,12,190,252,23,118,98,170,45,144,50,252,127,171,74,230,103,132,7,176,50,252,12,221,93,244,112,176,223,230,42,44,86,115,55,233,106,253,254,252,27,181,49,142,34,33,213,238,70,116,98,40,145,232,66,130,72,167,14,48,35,153,47,26,66,235,98,182,94,237,174,114,108,144,211,185,37,235,108,147,1,226,24,176,55,225,101,156,240,109,99,188,57,253,26,183,54,135,10,15,116,120,43,169,53,234,35,224,10,175,127,205,101,110,117,161,51,225,198,83,94,230,103,186,137,132,97,131,50,252,206,249,127,171,74,179,54,230,103,93,207,247,68,235,109,188,40,130,156,155,114,145,101,173,44,253,64,44,208,246,117,153,113,252,62,244,114,105,62,239,87,251,112,153,47,232,116,173,224,184,93,242,120,28,35,145,40,182,34,253,31,238,49,207,66,42,121,160,51,191,250,179,1,183,39,69,115,194,100,227,231,172,8,167,46,250,73,254,234,102,48,196,121,209,106,186,203,141,41,77,184,252,26,106,255,170,115,101,10,200,78,204,99,189,57,160,116,147,76,237,114,128,173,145,145,84,81,238,57,192,109,190,184,185,41,244,3,145,82,252,127,139,150,171,172,153,60,225,209,230,103,33,203,194,100,189,72,171,47,231,94,170,54,197,179,20,116,247,127,237,172,171,189,237,74,38,229,151,113,147,35,181,41,132,71,56,10,249,19,182,117,145,242,173,36,239,99,45,91,185,232,208,66,243,113,152,114,186,26,182,93,76,210,251,118,148,152,27,39,142,192,173,63,237,28,182,54,213,49,172,184,186,251,104,42,225,1,246,67,166,50,201,122,191,45,250,66,177,52,150,247,200,191,0,49,170,47,179,94,230,103,132,50,252,127,171,84,14,74,230,103,247,68,110,183,235,109,122,141,188,249,230,40,2,90,130,114,53,92,145,101,247,13,173,44,80,12,253,64,246,117,153,113,228,31,244,62,239,87,53,143,251,112,69,229,153,47,232,116,157,216,184,93,242,122,31,120,145,40,182,208,254,34,253,31,189,241,238,49,49,37,207,121,232,143,160,51,179,128,38,1,144,19,183,39,194,100,159,123,172,46,250,73,254,177,2,48,196,47,235,119,250,28,66,223,183,87,23,103,129,215,197,4,152,126,186,47,171,21,155,55,140,104,194,60,243,1,145,50,252,127,249,26,164,46,123,56,210,56,225,108,163,94,243,235,140,114,196,58,237,177,71,63,168,243,187,87,251,112,104,87,143,33,162,204,237,123,76,111,190,9,180,54,202,4,140,101,39,18,175,158,44,51,168,233,79,12,213,126,179,45,207,165,117,114,160,103,254,10,198,83,177,59,205,38,217,152,252,127,9,69,171,74,230,103,81,61,132,226,145,50,252,167,1,127,216,60,241,165,146,117,147,189,133,80,152,106,158,150,190,232,62,29,208,227,183,52,210,97,228,56,236,248,24,109,182,151,83,9,75,248,238,38,192,47,225,104,182,9,29,87,140,158,242,108,143,38,234,104,184,155,199,3,114,129,254,46,211,111,176,53,235,29,183,44,206,49,169,46,168,12,170,127,210,103,177,55,211,79,188,74,230,103,132,50,252,141,185,127,171,88,213,74,230,20,242,50,191,37,238,104,187,27,201,46,242,40,243,1,200,114,211,23,199,99,175,41,134,147,161,90,244,122,199,58,189,59,182,87,241,226,180,122,252,169,153,38,247,116,191,89,241,116,216,42,169,20,76,63,226,103,235,22,254,83,190,44,210,98,200,89,173,64,166,46,168,12,179,49,132,45,207,114,169,50,227,9,180,54,140,168,173,101,175,51,168,28,182,124,84,127,143,101,147,50,252,127,54,74,171,153,146,74,230,132,220,103,132,50,252,7,30,12,40,140,221,93,224,108,244,112,230,86,39,56,233,106,252,27,225,63,181,49,180,183,142,34,245,150,238,157,158,98,232,66,171,190,167,35,128,119,153,47,254,141,235,98,182,94,237,108,63,167,144,36,235,108,226,82,27,141,175,48,217,126,182,120,114,63,252,27,126,183,173,45,213,144,135,103,128,219,173,112,123,124,237,6,254,49,183,100,209,127,180,142,165,104,86,117,171,72,51,74,230,21,206,103,91,169,132,50,252,177,197,127,171,74,149,17,147,32,235,29,242,163,207,95,243,48,213,97,16,208,170,117,187,189,229,88,251,202,13,36,23,223,140,104,39,115,124,99,184,98,182,96,200,93,251,122,144,57,237,109,190,100,102,90,64,8,243,36,214,99,251,117,244,40,62,69,248,26,45,6,229,33,205,68,209,142,99,120,183,63,247,154,48,82,179,39,61,216,211,253,230,110,181,41,179,26,166,48,210,58,71,166,191,232,86,41,231,86,102,0,176,193,173,134,101,55,146,204,21,37,159,99,182,45,133,8,172,123,153,85,235,22,105,182,221,95,128,114,232,223,103,86,233,47,235,29,176,111,199,59,134,100,176,53,224,26,61,103,243,1,42,168,145,50,252,127,249,21,205,26,164,46,4,53,210,145,18,56,225,108,163,52,156,94,196,76,243,114,196,58,237,232,16,63,187,87,244,117,144,244,133,57,173,102,227,106,139,206,177,3,129,84,138,39,211,38,183,200,212,57,235,255,98,73,179,189,73,54,135,116,176,103,253,211,32,31,171,47,199,240,100,96,34,34,173,119,252,25,204,188,170,97,143,110,43,39,233,28,40,215,185,88,243,4,150,67,48,86,196,162,233,232,53,31,171,151,71,74,230,22,146,37,26,158,237,54,253,101,166,120,150,39,65,230,234,108,190,14,183,165,44,94,60,246,238,199,101,114,146,46,173,77,188,57,230,176,206,87,241,50,130,122,131,184,144,45,233,101,225,23,176,220,122,50,140,177,216,100,9,239,183,52,247,6,254,44,213,114,96,210,186,41,251,27,183,249,114,100,32,189,156,76,167,101,188,52,237,28,169,221,177,39,143,125,134,101,175,63,234,134,96,29,241,115,58,103,132,50,252,127,171,74,230,103,132,65,181,47,138,104,185,93,141,113,176,26,147,81,175,123,173,195,142,119,163,9,176,43,206,121,172,106,205,125,54,95,230,103,132,120,94,96,213,122,172,61,226,36,195,28,184,22,236,122,151,58,232,106,190,10,238,118,196,34,19,39,225,62,204,109,166,129,185,94,237,120,145,40,181,19,82,126,235,29,242,44,113,119,194,42,215,114,255,42,250,73,160,43,156,100,169,53,11,50,103,42,227,9,180,207,90,54,140,101,175,215,84,51,173,65,243,114,231,72,139,32,238,225,40,106,200,172,115,88,130,114,228,50,44,113,252,172,231,127,218,92,241,118,205,47,92,100,211,63,101,196,180,161,171,88,243,40,10,113,151,46,238,119,190,57,152,92,161,138,250,39,194,87,235,92,17,107,160,89,241,116,205,132,218,96,170,47,132,249,179,153,62,27,166,137,229,33,210,101,203,98,173,74,35,46,168,12,179,45,207,56,235,114,181,117,252,103,226,29,252,81,187,43,206,37,62,40,252,127,171,74,230,103,132,179,222,50,187,46,252,127,219,139,216,60,241,117,147,80,152,106,104,155,190,29,183,52,210,38,26,56,236,109,182,9,238,38,72,35,192,131,146,47,225,104,182,8,250,87,242,108,143,38,234,100,179,104,184,3,254,46,211,20,211,111,176,53,235,29,183,44,206,49,169,46,168,229,77,12,119,70,170,127,210,103,177,55,167,63,253,174,144,82,53,166,182,39,211,191,74,100,244,128,20,60,253,6,172,44,212,47,235,157,88,28,183,87,150,182,129,4,152,47,90,73,155,104,194,2,25,60,243,1,60,21,145,94,152,106,251,181,167,10,177,49,140,113,170,51,223,182,225,196,116,1,182,114,226,39,177,151,252,127,171,24,182,224,129,37,205,100,246,98,184,66,121,213,242,114,145,114,244,97,179,110,235,90,251,117,84,166,150,38,132,121,247,96,190,80,47,84,175,11,196,101,232,89,229,52,237,10,229,142,128,50,213,49,128,230,186,117,95,51,179,28,173,33,210,101,172,51,189,6,92,238,183,38,146,237,194,215,215,57,16,44,255,53,246,28,179,111,210,238,67,121,34,9,224,71,189,104,200,86,54,15,251,84,127,0,172,229,231,46,225,24,188,35,144,114,226,204,150,39,144,27,41,219,190,26,64,145,166,48,210,58,16,8,191,41,43,71,231,0,173,55,236,200,145,8,114,84,108,136,233,127,152,199,171,74,180,55,198,2,175,123,170,136,146,117,182,89,22,126,238,115,145,39,163,190,188,119,186,60,158,10,246,122,150,32,232,116,180,95,252,45,124,18,217,100,169,119,253,78,81,1,28,250,173,59,200,241,173,42,94,149,183,46,124,141,235,232,147,12,24,252,176,55,213,99,255,125,226,51,120,154,226,27,238,49,192,57,48,110,171,44,235,11,177,113,132,50,252,127,18,204,171,74,230,103,132,50,143,68,106,9,188,206,158,88,82,190,241,12,146,63,71,37,181,41,118,46,163,28,253,130,162,8,79,108,211,97,0,214,188,62,30,23,252,93,244,112,5,28,230,86,233,106,252,27,136,157,181,49,142,34,165,27,238,237,150,98,232,66,242,135,125,35,153,47,91,37,235,98,182,176,227,94,132,73,237,108,206,159,144,47,94,175,235,108,226,248,250,82,175,48,217,178,226,126,182,63,174,246,252,27,173,45,135,103,173,124,237,16,94,6,254,49,131,183,209,127,180,41,79,92,179,26,166,38,147,126,173,62,200,252,237,65,155,22,224,108,145,39,134,171,159,109,187,67,137,95,133,117,144,39,156,127,171,221,242,74,144,158,23,103,132,237,250,116,170,40,98,89,235,196,164,65,177,52,196,107,127,115,171,104,185,214,120,93,132,3,145,77,230,39,171,46,248,49,15,28,236,119,151,138,150,81,157,47,191,119,232,14,251,122,147,47,225,107,160,65,242,117,147,33,181,103,226,234,81,29,25,117,187,43,181,125,206,114,162,34,171,46,79,51,224,254,31,0,229,50,240,38,213,49,186,176,237,51,141,81,179,60,153,28,179,42,204,100,180,28,228,47,235,11,150,131,241,43,213,115,186,116,173,83,139,65,243,39,13,114,231,32,224,106,203,134,200,88,130,114,228,50,252,127,227,60,221,74,230,33,210,101,185,247,188,116,252,186,132,25,220,23,166,38,211,37,238,104,201,46,185,225,243,114,211,158,218,99,138,72,175,41,161,90,105,204,244,122,199,144,118,58,45,198,189,83,85,59,182,32,102,87,71,227,241,89,232,122,153,38,247,108,188,213,136,94,45,39,249,114,224,107,158,120,161,139,50,41,135,232,254,66,176,57,204,44,207,33,33,110,176,8,110,103,224,27,166,33,210,247,171,98,222,173,173,46,168,15,32,6,175,54,140,100,184,190,103,116,252,199,195,25,166,115,190,38,211,36,252,105,45,127,90,221,171,74,230,103,132,50,252,212,166,127,216,235,138,60,174,9,241,117,237,117,147,89,197,199,234,104,226,194,245,27,63,216,238,49,192,57,42,206,171,121,115,44,235,14,132,11,177,112,150,200,69,37,158,248,61,27,165,38,190,95,177,54,215,100,246,111,185,106,76,87,195,30,165,111,144,118,225,98,188,87,251,33,210,101,41,135,188,116,252,25,127,245,166,196,62,38,211,144,98,34,234,58,233,194,226,59,225,1,160,39,135,103,173,124,237,6,254,49,8,197,205,42,222,50,181,73,246,40,246,6,172,36,158,90,194,120,255,239,63,51,226,27,238,111,199,234,24,100,176,210,31,53,248,119,224,26,247,238,220,112,231,157,199,46,225,24,77,33,200,86,251,0,147,91,138,106,205,95,138,3,145,98,188,62,101,110,188,124,58,6,183,38,0,80,194,224,43,57,252,71,41,127,171,59,240,112,149,123,170,80,99,191,235,196,234,85,244,114,146,33,224,107,163,77,11,95,240,66,197,123,196,116,253,196,153,98,188,87,192,78,250,141,178,119,145,111,225,113,130,241,174,46,163,203,105,29,181,43,135,116,169,53,224,10,186,249,120,127,209,114,171,35,226,214,51,9,102,217,160,45,135,126,181,46,163,66,165,95,5,49,200,120,54,166,183,47,118,36,187,93,133,123,153,86,4,88,159,99,47,197,182,237,199,46,241,2,126,14,242,45,5,39,22,225,154,154,72,106,140,200,199,46,243,55,196,167,85,115,21,228,235,51,250,11,160,108,132,50,23,161,252,14,189,93,220,115,247,46,210,29,188,96,185,95,240,116,152,32,244,121,250,106,189,226,25,86,166,33,225,47,235,104,63,98,185,183,151,90,243,54,196,91,219,116,90,7,170,47,250,27,1,121,229,33,209,120,183,63,166,254,254,7,174,36,164,135,214,37,84,99,244,40,248,6,229,49,28,82,212,42,234,12,139,127,171,74,230,103,132,50,252,127,105,249,171,57,144,112,150,156,254,37,158,69,95,27,190,95,177,54,215,100,246,246,231,111,185,234,187,87,165,111,197,118,225,98,188,171,142,87,75,121,251,151,239,115,143,154,216,35,238,106,187,231,2,95,252,36,165,53,213,211,187,58,171,44,231,123,244,73,160,50,94,48,206,121,46,29,188,35,179,31,166,48,212,25,216,123,191,57,225,73,170,46,213,112,3,58,170,59,160,163,243,29,181,241,35,39,197,206,125,101,234,127,171,74,230,103,132,50,69,39,252,127,171,57,144,112,169,64,150,239,19,37,151,250,193,105,125,233,188,3,183,111,210,118,148,230,247,40,248,10,167,118,9,48,10,12,147,32,235,29,207,95,12,220,243,48,213,97,99,109,170,67,52,117,185,87,250,104,244,118,140,32,122,97,186,109,189,134,3,95,25,3,243,122,144,182,106,57,232,116,188,91,166,48,213,70,4,121,182,203,230,124,225,23,176,50,140,100,183,63,252,143,19,22,113,172,166,116,250,43,89,177,135,126,181,62,224,86,247,93,223,38,179,65,216,78,21,115,113,20,247,46,254,7,174,50,156,121,159,153,173,12,29,51,189,44,107,3,179,50,205,123,251,135,160,47,189,190,47,3,151,50,202,82,182,20,18,52,171,210,246,31,251,112,144,39,237,68,233,25,190,38,130,114,206,116,244,119,160,92,153,1,75,232,162,39,48,236,207,50,252,127,218,92,241,155,183,118,205,100,211,61,65,63,191,108,180,157,35,88,28,209,243,113,151,46,238,119,190,92,250,43,73,39,194,87,131,137,225,104,182,223,103,89,246,54,186,114,213,114,4,15,186,41,251,27,183,100,194,103,182,26,140,52,253,236,235,99,62,31,171,23,147,47,252,215,199,96,173,119,252,25,170,100,210,95,227,98,228,105,171,74,230,103,170,74,132,50,252,127,144,238,171,74,149,14,48,17,147,32,235,29,114,56,207,115,7,95,243,48,213,165,222,97,170,117,187,88,251,36,85,60,140,115,165,4,184,26,130,98,182,234,25,93,251,70,13,122,253,90,144,171,10,57,247,254,95,107,186,62,74,93,245,59,156,103,204,182,188,40,247,3,166,39,237,48,174,32,213,91,69,121,174,226,182,124,179,29,166,155,18,46,6,221,156,123,171,34,231,0,20,51,170,39,211,38,233,168,2,104,23,242,200,160,161,86,192,3,251,39,58,0,231,46,225,116,130,24,218,93,188,215,198,35,144,114,226,39,252,127,136,254,171,24,182,37,205,100,246,113,240,98,184,66,242,114,145,128,84,114,244,110,235,90,251,117,150,38,116,114,247,96,190,8,207,80,175,11,57,141,196,101,175,40,232,52,237,10,229,50,213,49,186,156,172,51,179,112,246,28,179,42,204,113,216,212,174,46,163,29,198,214,181,10,211,43,130,57,233,106,200,88,104,153,244,114,229,191,231,32,152,106,203,91,25,74,230,103,245,36,235,110,200,82,226,204,245,28,201,228,205,39,95,162,155,32,233,229,88,105,160,69,184,86,237,155,244,224,203,111,145,101,85,36,224,63,192,190,237,127,97,47,9,132,182,196,133,39,75,217,197,37,176,249,59,46,234,12,223,46,237,120,128,211,145,40,182,34,253,31,81,68,238,104,45,49,207,114,171,35,226,10,245,158,177,54,207,120,233,100,255,51,25,73,226,27,238,111,213,120,199,100,147,203,176,53,224,26,186,127,209,118,238,119,228,110,171,119,53,74,252,26,230,103,132,50,252,154,191,127,72,10,171,58,124,74,244,199,149,17,147,36,15,32,235,20,189,93,175,54,140,58,151,55,191,41,231,58,127,0,201,140,173,55,145,84,96,20,233,127,23,39,171,76,195,74,180,58,155,55,198,123,214,118,170,8,136,117,182,89,238,115,145,55,37,35,188,119,186,10,246,21,179,122,150,32,190,177,232,116,180,95,252,45,44,208,217,100,169,119,244,137,253,1,250,157,173,59,200,42,183,46,235,12,176,55,46,145,213,99,255,51,226,179,125,27,194,106,238,111,141,89,199,100,176,206,217,53,100,7,224,26,240,112,231,46,225,81,77,27,200,86,251,3,147,91,255,161,138,106,205,95,138,189,107,3,145,0,99,98,188,62,188,6,118,60,183,38,159,156,194,57,252,127,171,59,240,112,149,123,170,80,69,33,235,85,244,246,193,114,208,13,146,33,126,179,224,124,57,107,163,95,240,161,207,123,196,232,152,116,26,103,153,47,45,10,235,11,241,43,213,115,186,146,4,116,180,224,231,95,252,227,243,33,209,120,183,63,226,35,32,82,175,48,217,126,182,41,251,27,183,100,201,114,200,92,161,123,173,119,27,50,163,9,176,43,206,190,95,121,172,52,237,49,193,10,230,77,229,221,128,46,232,114,171,153,170,107,197,67,247,82,225,123,179,39,196,110,228,52,186,74,211,106,230,103,124,49,132,50,252,127,171,74,230,20,242,37,209,105,238,104,192,175,134,92,241,46,213,58,244,60,253,6,172,136,226,44,212,39,124,246,154,111,174,106,253,92,171,231,199,74,28,166,230,5,27,53,212,112,181,41,104,22,161,87,245,200,164,111,144,39,59,220,237,63,163,91,166,65,187,119,161,254,153,183,19,123,173,119,163,9,176,220,217,43,206,121,172,104,207,45,184,216,166,3,180,49,188,123,212,42,128,171,173,63,237,240,71,28,49,211,182,54,183,123,213,115,87,49,32,178,182,34,253,252,48,31,238,7,35,49,207,103,182,165,177,55,253,82,182,78,228,39,197,142,196,37,176,46,234,12,237,97,126,240,143,193,133,39,233,28,160,200,185,86,186,31,243,44,195,4,150,86,233,31,171,74,230,17,132,50,186,41,252,10,237,48,215,114,189,162,169,40,188,88,43,143,241,5,224,39,233,40,250,164,58,25,176,109,148,32,225,60,187,155,163,9,32,233,162,122,26,149,153,37,225,208,176,98,163,16,191,65,215,138,237,115,125,15,145,37,26,224,239,252,114,54,179,3,177,171,190,58,201,166,200,120,188,40,250,1,172,27,83,100,209,99,255,57,231,82,176,50,201,122,57,179,170,103,224,66,251,118,51,10,167,0,145,112,200,99,189,57,160,76,237,181,212,114,153,98,145,81,238,48,239,99,190,212,197,41,244,3,145,82,252,127,171,60,230,124,12,103,194,100,171,63,160,34,126,29,181,39,115,65,197,101,49,190,235,109,65,36,188,40,154,134,130,114,145,101,173,44,253,173,16,64,246,117,131,199,153,93,216,113,244,107,214,178,239,87,251,112,153,47,186,41,252,10,189,46,237,111,218,48,215,114,187,140,189,177,216,40,187,95,229,166,190,33,200,12,115,42,207,184,170,54,179,3,131,46,177,7,174,58,200,120,191,61,55,57,98,89,225,73,179,54,135,118,171,42,224,10,172,127,212,6,66,114,14,233,189,104,231,85,2,27,167,253,37,33,143,49,173,77,42,117,54,40,185,93,133,123,153,85,159,99,182,132,118,45,241,14,242,85,186,39,154,244,154,106,234,127,199,96,239,46,12,19,243,226,59,55,176,213,196,78,155,115,235,51,250,11,160,108,132,50,252,142,21,14,189,245,196,93,247,133,85,46,210,29,188,96,185,95,240,208,108,116,152,32,244,106,189,86,166,101,13,33,248,165,225,47,168,9,235,170,56,98,187,90,243,54,196,116,177,74,193,62,218,10,172,100,200,85,194,126,141,188,228,41,224,183,61,22,170,56,91,127,207,100,228,1,86,47,86,25,235,29,172,162,176,111,199,100,176,53,201,81,224,221,24,26,175,127,205,101,161,51,15,52,225,75,131,6,116,131,166,48,144,47,74,61,235,28,183,105,5,87,129,4,152,210,251,47,155,104,194,60,243,1,52,0,145,76,7,94,152,106,251,10,177,49,143,9,140,113,170,51,225,1,182,206,59,114,114,172,226,36,133,39,252,127,226,199,171,159,61,24,182,37,205,104,63,100,246,98,184,66,242,114,199,15,149,244,169,114,244,110,14,127,235,76,127,90,248,233,251,117,150,248,112,38,247,96,190,80,172,58,192,43,210,103,244,41,224,1,186,205,234,43,156,245,0,121,24,77,173,63,237,104,180,28,243,138,182,202,114,54,213,197,182,52,247,182,174,106,190,41,85,60,244,123,145,81,238,27,190,42,104,95,230,103,132,67,234,104,60,237,186,200,6,3,176,72,196,45,238,106,189,89,250,188,12,117,140,233,160,39,6,215,234,154,250,99,235,12,226,99,131,122,147,47,174,108,225,111,190,9,105,167,180,54,72,85,140,101,175,51,168,12,179,45,207,114,198,13,160,103,99,185,254,10,177,59,43,81,205,100,201,169,228,47,235,11,241,43,244,18,213,115,232,218,186,246,109,116,18,166,173,65,243,114,231,32,14,88,236,106,58,94,200,88,242,114,228,41,70,50,252,127,34,88,221,74,230,149,2,33,48,94,210,49,171,101,209,217,188,116,153,201,252,25,166,21,63,38,211,37,238,93,228,104,201,46,243,114,211,99,175,160,122,41,161,86,241,123,145,11,199,178,19,58,191,98,239,139,222,89,167,38,149,68,207,38,42,119,247,161,131,105,190,93,142,126,249,113,205,42,181,10,58,40,251,243,246,6,172,39,211,99,144,169,183,157,61,53,168,31,114,95,183,100,194,163,17,126,187,110,228,59,250,9,160,45,135,126,70,148,184,40,254,82,174,29,114,1,11,217,254,78,160,196,243,40,228,34,226,29,185,118,35,154,198,95,169,29,253,82,244,98,158,123,195,33,225,27,163,111,171,74,230,103,132,50,252,127,210,49,171,74,149,17,147,32,235,20,184,41,189,93,162,48,221,124,147,32,235,51,106,29,109,179,207,95,243,48,213,64,233,97,170,22,81,117,187,88,251,36,140,113,184,98,182,93,251,122,144,57,247,107,183,93,245,46,156,165,21,123,48,245,171,34,231,0,201,29,166,48,213,121,182,194,2,124,254,100,209,27,229,33,200,50,171,42,170,52,237,146,222,28,41,248,177,45,129,39,143,116,63,101,236,136,175,63,234,29,0,183,246,103,132,50,252,127,139,152,171,40,149,74,230,49,121,103,132,65,138,112,155,104,185,93,141,89,18,113,202,162,147,123,173,35,131,119,163,9,176,43,206,121,173,129,172,2,107,106,205,189,49,95,230,254,43,103,194,211,132,66,103,96,118,101,172,175,126,61,226,28,146,81,236,117,197,178,77,58,239,110,188,13,238,118,83,205,192,118,221,225,186,53,226,11,179,54,204,98,237,46,36,77,235,12,156,198,176,199,205,55,136,121,213,101,104,59,181,35,173,205,226,82,175,48,238,82,217,126,164,79,182,60,237,0,229,41,249,100,163,5,232,244,90,92,150,93,25,19,86,193,233,126,143,50,214,233,190,63,229,38,83,90,197,32,184,104,253,82,180,45,143,114,171,252,148,116,168,171,210,23,224,71,53,108,145,82,252,127,171,210,51,60,230,0,217,103,197,67,126,121,184,182,180,41,237,26,181,234,19,112,90,205,150,37,158,27,190,37,224,95,177,54,215,246,74,100,246,111,185,135,162,87,165,111,144,118,225,39,136,98,188,87,19,43,251,65,2,115,143,57,7,53,232,98,188,89,20,60,175,127,205,163,215,101,161,189,202,51,225,179,254,10,180,81,177,54,207,120,95,178,255,42,250,73,80,152,160,43,243,130,156,100,220,169,183,57,253,36,235,29,207,234,166,108,211,97,188,62,252,90,230,196,41,103,159,76,132,42,81,50,252,127,171,74,230,103,247,68,235,71,166,109,188,33,91,73,240,112,205,116,118,99,244,119,232,28,170,75,143,45,134,186,207,98,233,25,190,74,94,140,230,103,214,98,190,47,147,54,253,64,179,44,251,116,140,38,68,239,233,106,235,66,247,39,148,170,15,47,238,109,191,95,88,65,249,114,158,123,144,63,252,94,173,33,196,49,26,37,169,46,6,155,168,12,56,218,170,127,210,103,177,55,232,165,67,24,138,63,183,111,211,103,19,97,176,121,160,95,243,4,150,32,21,227,233,170,188,28,185,46,133,153,243,193,28,7,132,193,96,50,252,14,189,93,247,46,190,221,210,29,188,96,185,95,240,116,152,211,232,32,244,45,85,106,189,86,166,155,196,33,191,218,225,98,188,108,92,62,188,6,183,38,194,234,131,57,227,6,39,106,116,76,177,12,194,31,183,46,30,100,194,41,85,126,228,41,224,22,170,30,196,127,207,100,204,215,228,47,235,11,67,199,241,43,102,139,213,115,219,207,186,143,225,116,168,82,177,39,231,236,205,42,181,40,117,167,246,6,172,43,34,116,196,101,232,100,56,108,188,110,210,41,22,138,250,122,18,231,227,81,224,98,10,9,204,216,141,93,143,17,190,245,145,84,233,173,14,19,207,95,182,39,197,101,75,37,176,46,35,144,234,12,205,163,237,103,132,50,141,105,188,95,7,91,175,245,177,49,229,57,171,114,227,109,190,239,86,92,245,123,205,58,150,58,233,105,183,111,29,10,160,2,212,114,189,2,146,104,181,42,231,27,167,33,143,45,195,112,233,101,254,27,229,211,112,33,200,243,213,42,170,52,247,6,254,22,157,44,189,143,199,116,182,124,71,143,225,23,176,50,11,19,140,100,183,33,164,52,149,120,237,10,160,247,224,108,149,98,145,39,159,109,187,95,172,242,133,206,146,117,144,39,156,235,29,127,171,74,248,185,144,103,197,37,132,116,170,111,85,40,235,101,202,65,10,22,177,52,196,148,14,115,171,111,5,104,185,126,56,93,132,213,94,3,28,245,145,39,171,46,248,28,86,15,236,123,147,46,191,119,27,122,232,87,162,116,197,115,49,186,237,107,160,92,243,112,204,63,155,18,96,36,160,0,94,103,231,123,254,10,177,103,61,59,50,227,196,126,255,51,239,29,165,33,206,55,148,49,13,231,182,34,253,207,118,31,136,26,238,49,207,155,89,117,233,180,143,98,201,9,174,4,196,122,140,245,160,44,234,179,235,219,118,48,136,55,17,114,149,126,188,98,234,35,237,13,92,121,162,39,153,37,149,9,190,44,243,90,83,11,224,39,161,59,193,47,190,44,243,208,29,103,220,93,132,38,219,50,174,47,233,64,160,3,176,109,24,1,153,33,244,107,190,91,166,111,149,114,236,86,230,98,185,3,197,88,242,108,155,39,230,53,246,28,179,42,130,111,210,121,183,35,231,82,173,54,28,22,196,116,170,47,250,27,224,108,64,99,145,180,42,39,159,109,55,36,183,95,133,80,94,117,224,39,156,127,171,74,151,113,147,165,67,35,181,41,132,10,249,172,99,117,94,0,145,36,0,131,239,99,185,67,141,66,243,4,227,113,152,114,186,26,251,10,167,112,200,99,189,57,79,54,160,85,154,6,243,125,209,99,204,122,255,57,231,82,176,137,176,44,113,36,216,126,228,52,232,76,70,24,183,111,211,97,61,228,176,121,160,95,243,4,150,34,233,28,245,6,185,123,156,94,243,43,153,7,132,50,171,80,252,9,220,119,171,74,233,9,160,49,211,114,247,40,39,223,248,10,173,252,167,48,106,118,147,32,196,8,235,29,207,95,243,48,186,104,213,97,170,78,235,117,185,244,134,87,244,118,140,32,186,109,189,95,14,250,243,122,125,96,144,57,232,116,188,91,165,72,209,53,213,222,201,58,17,98,171,43,9,44,231,176,175,73,160,231,6,50,105,24,206,121,188,134,132,35,179,31,166,192,135,48,216,188,193,114,150,70,176,124,179,253,145,29,242,122,166,86,20,44,150,176,194,98,222,98,189,55,191,12,110,250,237,155,238,44,217,80,203,114,169,103,229,7,224,253,217,27,170,130,171,113,205,103,182,144,169,54,226,9,119,22,182,206,0,113,70,71,205,59,53,67,33,224,239,127,171,232,229,74,230,103,132,50,252,127,171,57,144,112,150,37,45,15,151,105,36,84,188,3,167,44,152,35,189,35,234,65,183,114,226,39,252,127,200,251,171,24,182,69,45,37,205,120,178,100,246,98,184,66,242,164,99,114,149,114,244,110,78,78,235,90,251,212,220,117,150,38,247,96,190,21,93,80,172,58,210,70,218,103,244,41,224,23,25,1,153,245,186,11,154,43,156,121,173,28,72,63,237,90,6,28,182,54,213,80,116,49,207,211,228,40,235,93,191,135,241,4,152,47,152,85,40,28,125,4,183,92,120,87,130,112,236,88,237,68,233,25,190,135,6,74,39,120,230,103,149,184,214,234,248,98,25,221,190,54,93,154,253,64,251,116,140,38,233,110,235,66,247,39,148,88,184,47,238,109,191,65,109,33,249,114,158,120,161,41,254,66,176,44,207,110,85,246,176,103,224,27,166,33,210,98,81,157,173,46,168,6,175,54,105,73,140,105,151,58,191,53,236,41,231,0,173,55,146,37,25,204,159,148,141,99,182,46,133,123,153,86,235,114,251,22,221,95,128,114,232,86,233,47,235,11,241,75,194,43,174,17,213,7,14,115,186,95,73,116,149,195,171,74,230,22,146,37,74,29,237,54,234,121,253,101,76,70,166,120,234,171,196,46,86,18,236,60,190,10,238,118,21,8,151,37,188,134,232,109,206,185,160,94,213,164,237,108,146,34,136,213,230,57,254,0,173,169,171,39,86,100,205,42,181,40,246,6,172,36,135,123,36,124,221,185,184,54,207,43,145,56,239,142,10,91,187,215,233,111,115,160,249,4,165,120,148,176,30,24,135,76,197,116,137,251,176,103,239,27,176,126,181,127,201,251,192,129,255,38,235,110,183,8,222,28,159,88,254,44,143,122,160,103,254,91,104,50,241,14,242,39,195,168,154,106,157,20,199,46,243,44,143,122,6,231,233,25,190,16,58,74,230,103,214,98,190,89,130,54,253,166,25,64,0,114,247,116,140,26,9,37,235,131,237,99,189,88,166,66,110,120,166,192,221,122,96,91,147,113,241,225,236,11,233,104,160,65,249,118,61,217,199,7,46,96,173,119,25,158,252,25,170,100,134,129,194,17,251,103,102,99,182,52,253,22,235,22,180,95,254,6,55,50,172,239,196,101,186,147,160,200,47,63,98,119,231,73,254,48,196,121,38,131,160,73,250,53,119,235,237,73,168,3,58,168,235,93,160,45,239,7,153,210,155,39,241,1,149,122,248,57,238,40,255,73,73,135,167,137,78,113,150,87,185,118,233,104,173,160,89,65,230,163,243,114,231,32,152,106,90,49,200,88,251,32,65,114,228,50,252,127,221,74,230,132,60,59,206,116,252,127,171,56,104,59,122,74,240,112,149,123,170,80,14,37,235,85,244,115,145,34,187,210,240,99,163,11,161,119,147,32,214,96,153,116,106,115,160,14,204,65,252,246,249,113,205,42,179,46,181,40,246,181,9,6,251,49,172,39,211,99,100,179,183,53,168,120,249,31,183,100,33,166,194,205,11,126,228,59,250,9,160,45,184,183,135,168,199,126,58,119,174,55,252,0,237,47,78,78,195,65,124,125,136,20,216,23,254,12,129,3,236,68,238,114,236,3,255,33,183,155,154,45,200,118,186,144,235,225,87,62,184,74,230,103,91,241,132,22,250,50,252,221,13,127,171,74,230,20,242,37,43,38,238,220,143,104,192,92,241,53,255,55,204,101,182,12,49,116,145,169,227,95,128,47,81,114,132,50,102,149,252,45,102,196,251,8,175,49,142,160,64,34,191,66,240,119,237,141,235,91,165,175,125,115,140,117,225,105,189,217,223,88,166,52,237,230,134,112,155,36,181,103,226,29,187,254,141,43,206,114,193,187,171,46,224,35,252,0,229,50,213,49,186,18,117,51,179,14,214,3,183,36,214,242,194,120,255,78,102,51,226,66,164,51,175,74,113,39,189,59,192,57,10,102,255,49,194,99,200,87,128,122,57,240,149,81,225,42,253,6,95,72,160,14,236,46,47,120,150,118,168,99,255,18,215,62,239,10,250,150,245,116,35,117,196,52,85,158,247,106,241,102,190,41,240,51,244,220,38,0,145,81,238,31,190,42,230,103,132,252,123,68,252,204,110,127,249,12,104,93,93,163,237,186,72,37,159,168,197,110,186,106,205,95,230,220,103,103,132,96,89,155,172,21,141,61,226,238,235,28,236,122,151,58,232,104,190,10,13,80,238,68,255,118,196,34,225,199,197,109,185,94,237,120,145,40,182,34,253,167,214,31,238,49,207,121,160,51,179,1,183,39,194,100,4,85,172,46,250,122,10,73,254,48,196,157,154,121,186,27,242,41,252,10,189,94,237,48,215,233,62,114,3,68,189,40,64,108,184,74,230,103,132,50,252,127,152,233,171,74,230,20,3,233,242,37,238,104,103,32,192,92,241,46,124,60,213,188,241,58,244,60,60,196,253,6,172,216,121,44,212,39,154,130,113,106,84,203,171,74,230,53,212,100,193,112,181,41,161,87,245,201,144,111,144,37,233,63,163,91,166,119,188,24,153,32,6,250,238,107,240,85,160,85,85,168,243,125,206,111,88,126,170,121,246,42,163,28,192,13,173,44,201,189,216,126,228,52,250,10,148,253,160,49,212,99,173,124,179,216,18,29,166,92,234,123,147,197,165,81,235,132,224,98,204,41,250,122,227,37,149,9,190,44,82,158,243,103,132,121,29,50,174,47,233,149,24,3,176,109,144,117,244,60,186,140,96,87,247,111,206,58,197,113,186,110,251,0,166,49,111,171,215,114,182,69,229,98,189,245,245,1,51,189,186,107,188,43,57,16,156,121,191,45,82,113,250,66,177,52,200,49,186,51,86,90,179,14,183,49,156,96,190,216,178,53,126,93,232,12,172,100,202,195,99,36,177,35,117,91,216,58,149,150,205,45,237,36,184,62,95,207,236,57,214,205,167,100,255,140,197,37,114,243,238,19,166,98,186,92,229,33,213,116,176,49,161,103,102,101,234,88,230,20,242,37,238,104,30,90,192,56,237,92,241,7,63,53,65,57,215,116,252,127,47,78,171,59,174,64,240,112,149,123,48,225,170,16,54,80,235,85,244,114,146,33,119,118,224,121,17,109,249,132,163,95,240,123,196,247,222,116,153,98,188,68,25,87,251,119,145,113,223,170,174,46,163,29,181,43,135,116,169,53,224,113,254,10,186,127,83,84,209,164,202,114,171,189,191,35,226,33,6,88,230,103,132,16,167,50,252,93,21,127,95,21,171,74,118,140,230,204,1,103,247,68,235,109,188,40,130,114,145,101,173,44,253,46,14,64,250,113,148,116,244,146,98,60,132,171,236,93,241,115,145,54,140,38,225,107,160,65,199,208,241,118,158,120,161,41,209,63,254,143,37,66,176,44,201,162,207,76,197,110,176,164,21,103,69,182,224,27,166,33,210,98,173,60,100,40,226,22,179,42,245,229,204,100,228,45,229,0,179,127,231,71,186,42,205,1,130,59,201,110,141,103,41,54,224,21,176,127,89,102,153,114,238,59,237,88,230,103,130,220,132,50,252,127,243,133,171,74,230,103,247,244,21,68,3,96,235,193,18,109,211,181,188,179,242,33,43,255,240,112,214,24,19,97,186,127,171,236,210,74,151,113,147,202,165,35,181,41,123,238,132,10,249,117,227,10,145,36,71,55,239,99,191,208,152,66,243,113,245,75,152,114,186,26,251,10,126,255,172,39,31,59,144,126,236,93,173,62,231,160,237,65,249,114,158,64,165,103,121,77,173,124,239,32,29,29,179,44,196,185,65,114,171,35,226,10,177,54,207,120,255,187,158,51,226,27,238,42,140,17,63,113,170,51,225,1,182,27,242,50,201,47,36,122,191,45,70,127,250,233,46,66,177,52,219,17,200,49,170,47,179,3,190,88,230,20,35,90,242,37,134,192,238,225,97,104,192,147,103,92,224,33,241,71,0,46,213,58,177,119,232,28,170,45,207,209,71,98,95,40,233,25,214,34,190,74,52,106,230,103,72,216,214,98,140,240,190,54,253,246,188,64,251,116,140,38,235,106,235,66,118,156,247,222,216,39,169,178,148,47,114,8,238,17,129,109,191,191,192,65,249,96,173,114,158,222,46,120,28,136,161,50,47,41,254,81,126,66,176,44,207,110,176,168,219,103,224,27,66,22,166,33,151,106,210,98,173,46,168,96,202,6,175,54,140,58,191,137,225,41,231,138,27,0,173,55,67,164,149,111,180,37,216,21,159,99,182,45,133,123,153,17,54,85,235,35,0,22,221,95,128,93,67,114,232,86,233,47,11,228,235,173,90,11,241,43,213,115,186,116,191,30,171,32,44,74,230,22,146,37,237,174,98,54,253,101,166,120,150,228,152,39,234,156,168,108,183,88,180,208,238,114,146,24,21,46,188,57,206,87,241,122,153,244,72,34,233,60,249,27,238,100,242,48,215,126,255,167,246,57,17,32,254,0,173,39,109,123,216,42,169,63,252,22,175,36,194,43,239,120,77,29,255,51,125,11,226,27,86,128,238,111,199,73,245,100,176,53,224,26,3,66,246,224,92,112,117,39,231,56,18,46,91,42,225,24,200,86,251,0,147,91,138,106,205,182,41,95,138,3,126,227,145,98,188,88,223,62,195,218,188,6,183,189,155,38,91,233,194,57,252,127,171,122,122,59,240,112,149,123,170,148,227,80,235,152,2,85,126,221,244,115,145,34,187,42,220,99,163,36,211,11,213,130,161,119,147,145,147,32,153,116,160,65,176,13,244,95,84,118,199,96,173,119,252,25,96,150,170,241,34,100,194,103,82,242,182,210,240,52,235,22,254,50,196,101,160,131,223,63,6,105,231,73,254,48,196,124,83,121,189,52,239,28,59,206,160,55,215,103,228,25,222,39,182,53,232,52,230,115,146,27,252,56,119,122,140,27,207,100,200,32,228,98,104,210,239,177,233,12,156,69,165,116,147,81,224,31,49,98,204,41,250,122,224,186,129,37,149,9,16,166,190,122,68,44,246,251,243,92,158,11,224,123,146,39,174,53,72,134,160,10,177,30,6,108,26,94,132,50,252,14,216,154,189,22,200,93,247,46,210,29,94,154,188,117,168,96,148,181,185,193,143,95,10,183,240,116,152,38,105,102,244,106,189,86,166,33,225,91,103,47,53,198,235,98,182,98,28,90,243,140,213,36,214,99,244,40,248,201,20,6,229,33,209,247,105,120,209,47,183,63,44,186,247,82,179,39,211,110,148,41,181,41,179,26,166,38,147,126,236,122,173,62,237,65,224,108,145,39,159,109,183,180,255,95,250,7,133,117,224,39,130,214,156,127,32,128,171,74,144,103,132,116,19,116,170,27,167,40,247,54,235,65,177,144,14,52,196,115,171,201,59,104,25,61,185,93,132,32,77,3,145,39,171,46,248,28,236,229,1,118,194,118,189,119,170,149,190,106,13,86,242,23,199,113,148,231,37,37,234,184,127,107,160,87,196,121,245,122,32,158,149,40,186,42,225,1,154,119,166,46,156,123,171,34,231,7,254,0,176,55,213,232,8,101,181,35,224,25,160,100,100,217,156,13,204,101,23,130,188,116,69,56,182,93,165,26,246,101,246,222,161,5,188,25,171,77,145,44,223,96,212,33,246,98,156,23,34,42,171,73,179,54,165,100,135,179,191,118,145,199,171,42,224,10,251,112,122,144,237,68,233,186,123,25,190,38,130,114,143,122,233,25,190,74,230,103,45,86,214,98,190,54,253,64,247,226,223,116,140,170,217,37,237,99,189,98,196,66,183,149,166,122,43,199,147,211,211,113,235,167,112,108,186,224,166,90,250,113,205,42,230,138,181,40,246,6,172,39,211,99,251,58,183,53,221,48,168,31,183,100,194,126,228,59,250,9,21,12,160,45,77,96,135,126,179,34,184,177,164,53,225,31,254,27,151,116,104,79,124,173,224,168,102,5,218,31,70,64,165,18,206,71,139,176,91,44,214,160,15,28,242,94,254,118,55,54,151,37,75,102,184,251,111,99,185,74,230,76,91,103,132,50,252,121,38,127,38,217,171,114,159,74,228,169,230,163,230,20,242,37,238,70,124,104,97,240,192,113,216,92,43,142,241,35,206,120,183,65,235,109,188,40,23,163,130,114,145,101,173,44,253,128,154,64,161,116,153,46,244,56,56,44,236,11,160,111,78,118,146,117,242,115,232,116,189,94,35,201,241,23,105,120,61,157,146,32,28,123,201,201,228,54,84,56,252,23,170,45,170,159,196,252,154,101,37,79,173,52,178,23,225,113,140,73,179,54,135,116,176,103,239,168,99,27,165,51,78,251,210,42,182,119,53,225,250,27,35,194,183,23,183,119,34,122,212,117,144,21,214,31,209,185,156,37,149,123,211,32,129,5,52,48,198,33,177,37,6,181,244,126,233,105,184,86,243,143,160,35,145,37,56,176,159,169,71,99,149,4,182,46,231,72,133,123,153,86,235,22,24,124,221,95,128,114,232,86,33,11,233,53,163,27,24,222,183,118,238,54,176,141,148,98,233,25,190,57,232,74,230,103,214,98,190,54,253,64,251,116,140,38,233,106,235,66,70,42,247,39,50,212,148,47,236,107,191,65,211,7,245,112,151,123,228,190,228,54,188,77,252,23,170,45,196,101,173,52,225,73,179,54,135,116,243,176,176,103,253,31,171,47,210,42,207,31,172,63,252,28,238,36,210,126,182,52,251,111,206,94,241,4,152,47,155,28,183,87,241,218,129,111,44,112,237,106,32,68,233,25,117,112,190,38,130,114,212,114,171,9,91,41,163,9,176,43,163,98,206,121,172,141,144,106,205,95,230,103,132,96,82,49,172,61,226,28,189,171,236,117,199,139,215,58,224,110,214,110,232,92,238,113,192,46,238,105,188,92,191,151,242,120,149,113,67,108,174,46,163,29,181,43,135,116,169,53,224,10,188,185,186,127,151,238,209,114,171,165,245,35,235,6,229,39,234,127,211,114,183,57,146,5,250,210,106,10,147,145,176,41,206,103,228,48,190,27,209,205,182,93,151,49,151,118,154,21,192,63,176,141,8,49,46,88,247,100,228,104,189,76,237,118,225,114,145,81,177,152,238,27,190,28,174,41,42,250,244,3,145,82,252,127,171,60,224,55,230,103,194,99,188,41,229,0,241,165,231,117,147,93,174,80,152,106,190,163,49,29,55,194,183,190,89,52,210,56,239,62,191,9,111,185,238,119,192,37,235,98,156,2,184,163,151,95,241,108,153,35,235,108,168,96,115,246,186,72,142,9,180,237,237,54,140,6,60,101,175,51,104,77,168,12,179,153,104,45,31,33,207,114,160,247,140,103,122,174,254,10,177,59,196,126,197,101,255,103,170,67,252,221,20,10,2,116,173,59,206,97,33,116,255,49,123,5,207,37,21,185,137,119,29,59,15,149,214,191,134,118,177,0,235,235,227,63,6,168,174,83,37,117,211,102,255,62,189,88,162,114,147,52,247,166,147,106,166,128,190,41,244,123,108,132,145,81,147,71,238,180,205,27,13,176,190,42,230,103,132,68,252,127,220,33,247,0,138,9,160,103,132,186,58,50,141,105,188,91,175,49,145,174,171,114,227,109,190,233,241,92,29,182,245,4,20,123,84,103,150,58,233,232,122,105,183,10,160,2,88,80,143,57,238,96,190,80,172,58,210,103,158,126,244,41,224,1,182,229,186,43,156,236,19,121,173,63,138,96,237,63,137,28,241,214,182,54,171,11,213,49,228,40,235,1,160,158,225,49,211,120,92,98,9,24,176,107,231,27,167,33,143,193,79,52,247,106,190,41,255,253,244,117,11,208,145,81,238,250,28,27,222,73,190,42,230,103,132,68,252,127,70,205,237,134,67,28,127,132,177,220,143,55,200,38,176,46,234,6,71,12,237,103,195,134,132,50,141,105,188,208,10,91,175,49,4,54,171,114,227,109,190,92,245,169,173,123,59,165,150,58,233,105,130,206,183,10,160,106,160,2,212,113,66,114,171,41,163,30,190,9,176,214,237,43,104,214,206,121,79,223,172,104,184,22,254,172,3,50,92,18,196,101,160,54,235,29,208,47,183,44,206,49,182,34,253,31,99,71,238,160,72,49,207,121,186,140,107,63,12,54,173,65,243,114,231,185,58,32,238,106,133,4,200,88,130,167,64,114,228,50,252,127,221,74,230,126,104,33,210,101,172,51,126,43,191,6,183,38,194,57,252,127,171,59,240,112,190,235,149,123,28,52,170,80,235,85,77,182,244,114,33,61,146,120,37,33,243,208,224,28,23,109,18,178,163,95,240,10,170,123,196,204,3,116,153,107,75,121,160,65,243,112,151,123,228,54,155,217,252,23,170,45,196,101,173,52,225,73,179,139,98,54,192,110,135,116,176,103,233,102,253,31,171,47,210,42,172,63,252,157,205,28,45,110,238,36,210,126,182,52,251,89,241,4,152,47,103,69,155,28,83,243,183,87,92,188,129,112,237,68,240,233,233,25,190,38,206,83,130,114,212,114,171,41,18,133,163,253,146,9,176,43,206,3,240,121,85,141,172,99,108,106,205,193,53,95,230,103,132,169,43,96,157,172,172,61,171,215,226,28,248,116,236,122,140,15,151,58,232,108,117,106,23,8,182,10,116,167,238,118,196,34,248,183,225,98,84,54,238,160,250,66,171,149,220,111,199,100,176,188,51,53,224,150,197,26,241,116,205,96,170,47,179,27,166,33,159,2,210,98,233,127,173,46,168,0,187,49,209,156,103,58,170,52,201,96,254,7,174,49,156,189,118,98,188,46,42,53,19,78,235,94,170,54,197,116,247,121,160,52,29,95,134,103,132,81,87,50,132,151,138,158,132,127,171,225,138,12,176,48,213,101,247,40,248,55,29,10,167,48,147,163,241,32,85,66,235,220,70,29,207,95,243,164,132,48,213,97,170,177,125,117,92,151,187,88,251,36,140,115,184,98,182,72,131,93,251,122,212,200,152,37,89,75,235,116,126,197,186,189,235,93,245,46,156,123,171,34,231,30,0,0,85,119,166,45,90,48,129,112,213,182,81,121,182,124,254,27,229,121,133,33,133,197,200,162,195,42,170,52,237,28,177,55,200,36,176,104,229,46,107,238,234,186,97,12,222,12,237,194,217,97,143,39,233,28,185,88,194,45,243,4,150,91,195,86,233,31,171,74,230,17,132,50,186,164,165,41,252,26,107,233,170,151,226,113,200,135,104,99,189,57,32,138,160,74,243,22,230,103,245,132,224,36,235,91,69,110,221,142,226,28,201,81,55,39,155,32,233,105,184,86,77,197,244,111,145,36,224,63,237,47,215,162,237,255,12,112,149,20,199,38,227,106,177,0,187,189,48,49,209,58,255,157,170,52,224,22,101,166,170,127,207,99,193,126,188,164,61,57,128,155,253,26,183,54,135,42,171,63,224,12,215,94,176,48,212,126,232,51,84,34,250,8,27,11,160,108,98,147,130,57,233,106,200,183,122,88,146,219,244,251,86,114,231,143,225,32,152,43,237,106,203,74,230,103,242,218,222,50,252,57,90,214,253,225,8,29,182,43,144,126,173,62,237,65,230,188,174,103,55,42,132,67,179,58,234,104,186,167,44,3,176,72,196,45,238,130,48,106,194,171,189,89,250,142,235,117,140,51,16,39,234,99,64,233,235,156,206,12,131,150,144,108,228,26,146,35,139,43,232,96,190,148,180,80,172,58,210,103,168,32,244,41,224,107,167,1,186,251,148,43,156,7,195,121,65,80,173,63,237,186,245,28,151,74,182,248,61,54,213,193,46,49,176,25,228,54,250,66,176,35,140,19,143,101,175,63,233,205,234,216,201,29,250,136,15,103,132,50,252,127,171,74,230,222,57,103,162,83,132,61,105,65,138,104,185,61,71,93,55,171,141,113,173,23,147,56,130,123,173,78,128,119,253,14,237,48,215,114,189,40,213,40,242,62,188,88,241,147,208,5,15,128,224,39,233,40,250,25,19,213,176,144,132,109,148,147,235,32,225,60,163,94,56,94,162,45,200,122,25,221,153,37,225,98,191,206,135,65,237,115,172,114,146,34,233,60,249,27,48,159,238,48,215,126,255,57,252,60,254,7,91,0,17,198,173,185,92,39,216,233,20,42,169,187,191,63,148,197,252,22,175,49,156,198,165,98,188,62,191,6,17,71,183,38,133,45,194,57,213,164,250,116,150,123,190,95,192,239,133,117,148,39,159,220,89,109,191,95,134,103,132,50,138,127,171,12,176,48,196,57,66,104,171,44,235,11,177,112,150,37,158,27,101,101,190,95,177,54,215,100,246,237,12,111,185,64,70,87,165,111,197,118,225,98,188,87,251,123,130,124,147,115,247,57,247,99,188,55,118,89,175,127,46,74,205,101,161,51,225,83,137,10,177,255,132,54,207,242,164,120,255,42,250,73,160,43,156,78,70,100,235,104,200,86,251,77,50,0,231,46,225,24,188,35,24,9,144,114,226,39,28,233,252,127,171,24,182,37,205,54,235,100,110,95,246,98,184,66,65,226,242,114,145,114,163,226,244,110,235,104,229,90,251,115,145,38,7,137,235,96,190,93,130,80,172,203,128,58,210,103,47,215,244,41,224,1,85,96,186,43,156,239,165,121,31,11,173,196,102,63,237,28,182,54,213,49,228,40,235,92,241,4,152,47,155,28,183,87,129,220,152,112,237,68,117,105,233,104,160,25,190,74,230,103,214,98,190,54,253,64,253,162,251,116,140,38,233,106,235,66,247,39,148,130,2,47,235,27,229,106,188,65,246,114,199,55,12,96,173,119,252,25,170,100,19,161,194,3,176,103,197,10,182,52,44,127,235,22,2,214,254,243,156,50,196,16,113,101,160,54,130,137,253,188,226,82,182,39,146,18,211,100,244,60,253,147,140,6,237,195,172,152,170,44,212,35,53,168,235,28,183,87,129,99,74,4,152,47,155,47,230,104,194,48,47,60,77,204,243,1,199,60,145,92,223,94,152,106,251,85,86,10,177,49,140,113,170,119,11,51,225,1,182,114,226,65,137,39,252,127,171,24,182,37,205,100,246,98,184,66,242,112,145,114,15,102,244,110,235,90,251,117,150,6,169,38,247,109,40,96,190,177,124,80,172,58,210,103,244,41,6,78,224,1,186,43,240,7,156,121,173,63,179,119,237,28,182,54,213,49,176,135,138,54,250,66,238,36,210,248,5,126,249,174,182,52,96,186,251,6,72,90,241,4,152,47,253,163,155,28,178,251,183,184,54,87,237,210,129,18,216,112,237,68,136,255,233,25,190,234,62,38,184,59,130,67,43,114,212,114,189,107,231,27,146,107,167,33,143,24,33,50,11,40,252,127,218,135,135,92,218,32,241,60,211,118,122,207,205,100,161,180,211,63,180,95,43,88,125,222,243,113,151,60,126,46,61,172,238,119,72,246,190,233,79,92,215,64,250,39,35,166,194,87,247,49,250,104,186,11,165,92,241,14,169,116,205,42,45,95,181,97,168,40,246,6,163,100,172,39,45,132,211,99,183,53,115,148,168,192,84,31,183,100,195,154,194,126,61,184,228,41,254,7,174,49,156,148,18,98,188,40,253,66,165,49,200,120,128,72,183,69,223,47,184,138,38,93,133,157,119,123,153,85,159,99,182,243,150,45,241,14,242,39,235,135,154,106,7,113,199,46,243,55,205,239,196,208,0,101,71,226,170,78,200,119,232,28,170,45,207,98,233,25,39,237,190,74,28,175,230,103,214,98,190,54,253,201,98,64,251,21,37,116,171,232,140,38,233,106,235,66,247,39,148,73,42,47,18,152,181,154,224,46,163,156,190,28,162,108,55,184,211,138,236,97,188,126,118,62,249,85,252,154,98,90,243,54,196,116,170,213,103,47,250,155,197,27,229,134,219,33,209,120,185,237,183,63,226,82,203,205,175,48,217,126,111,7,182,60,237,0,224,108,145,39,159,109,185,39,199,95,133,117,224,39,156,255,177,127,6,184,171,233,175,74,144,103,132,116,170,175,199,40,186,115,251,6,242,43,213,115,184,36,186,101,39,116,171,74,230,22,146,37,237,176,60,54,253,95,83,101,109,6,166,120,150,39,234,108,137,143,183,11,199,88,238,114,146,46,188,242,239,57,206,49,11,94,237,108,224,194,145,37,213,61,239,247,68,54,6,91,179,3,108,131,177,58,200,93,5,120,223,117,188,40,169,255,250,1,172,100,209,149,64,99,255,57,231,82,176,44,113,189,194,100,171,47,231,94,170,160,200,54,197,116,247,121,36,239,160,95,243,4,150,32,48,187,233,28,185,46,243,172,23,7,132,50,252,9,15,55,171,28,16,74,80,168,160,49,211,50,24,98,176,247,15,107,248,240,231,27,167,33,143,167,111,50,252,127,229,251,218,92,241,216,110,118,205,100,211,63,180,88,252,196,243,113,151,213,208,46,238,119,190,147,0,92,250,39,132,116,194,87,247,116,185,94,246,89,105,114,213,114,223,167,186,41,251,27,183,100,194,103,200,44,182,52,235,174,244,31,183,117,171,47,199,96,173,119,252,25,167,226,170,100,100,111,210,98,228,125,88,99,171,74,230,103,47,1,132,50,252,127,171,74,149,17,147,32,235,146,218,29,154,65,207,95,102,99,243,40,192,48,213,97,170,222,234,117,187,206,121,88,251,36,170,133,140,118,184,101,244,98,182,93,251,122,153,58,178,37,247,110,191,90,243,7,221,49,162,74,212,99,173,124,102,98,237,31,172,242,204,44,196,44,8,121,186,158,34,63,168,78,84,14,10,209,177,50,135,42,70,238,171,63,186,185,247,7,19,82,179,46,214,96,86,100,172,103,211,97,232,99,62,24,183,111,211,97,176,121,190,93,133,41,33,123,255,240,153,85,254,209,159,88,107,99,54,53,182,45,139,179,241,14,242,72,159,39,154,106,171,179,156,74,230,53,212,112,86,36,181,74,203,41,161,201,180,87,245,89,34,111,144,37,78,11,233,50,124,63,227,226,163,91,247,79,166,215,116,119,153,32,124,134,238,38,142,107,160,85,243,190,168,125,115,192,206,111,170,228,30,42,163,48,60,28,173,56,142,44,11,134,216,1,203,126,228,52,239,52,250,10,93,221,160,49,66,140,212,99,173,121,127,200,191,93,248,51,133,50,92,123,153,85,86,150,159,151,241,99,182,45,241,14,242,39,154,106,66,181,171,74,230,53,212,112,181,41,161,87,66,25,240,111,22,176,195,136,195,35,184,106,163,86,166,116,146,38,204,35,225,107,160,139,50,85,247,125,194,49,63,126,228,59,250,45,34,10,177,54,173,158,207,120,255,49,0,242,197,13,169,117,151,112,190,41,209,42,241,12,198,67,207,247,255,30,125,59,252,31,173,39,209,127,180,41,68,66,179,90,241,119,147,34,138,29,235,111,165,43,188,90,108,178,241,119,147,44,122,99,10,30,188,201,237,57,253,82,180,82,193,108,161,239,143,60,110,49,189,59,83,156,186,14,94,105,161,183,197,119,207,153,145,50,143,2,229,9,188,88,71,251,241,133,159,12,218,175,146,37,188,96,174,80,172,55,229,26,243,1,145,94,212,50,252,127,10,110,249,26,18,28,164,161,45,46,210,7,230,56,235,203,80,62,163,11,247,105,218,114,146,58,147,140,187,107,187,95,247,113,144,57,179,252,227,105,22,149,226,82,185,196,175,143,105,48,217,126,199,186,182,191,4,63,176,205,252,27,173,45,135,5,1,103,173,124,237,6,254,214,23,35,213,113,186,53,168,140,221,6,162,53,143,123,189,6,230,53,5,160,254,44,216,82,83,233,138,4,216,120,151,86,73,108,185,43,175,8,217,69,118,6,183,87,200,24,253,82,241,82,242,220,129,113,200,98,130,36,66,27,235,85,178,28,183,87,129,4,152,47,155,104,194,60,199,146,243,78,7,1,16,243,145,94,152,106,250,14,170,45,143,122,233,25,190,182,19,74,230,103,214,98,217,101,190,54,253,64,251,181,67,116,246,87,140,38,233,98,235,66,165,79,247,39,148,185,206,47,181,46,163,197,100,7,238,36,210,126,103,22,182,52,251,93,245,59,156,103,188,227,144,40,84,3,247,3,166,162,197,48,72,6,213,27,251,121,182,124,231,3,183,111,199,214,201,58,191,41,231,176,110,0,173,55,209,127,180,60,249,171,36,27,216,152,238,51,192,48,215,126,255,41,251,82,242,108,145,82,99,118,252,127,171,18,105,60,230,244,116,103,194,100,171,46,252,65,177,177,126,52,196,115,171,215,159,104,185,21,156,93,132,3,145,118,44,39,171,46,248,228,174,28,236,128,119,119,166,211,150,47,162,191,191,119,183,14,83,152,251,122,147,47,225,85,100,57,192,70,253,29,183,48,143,101,175,63,234,181,148,29,246,216,183,114,192,120,183,57,235,73,179,103,214,54,101,152,135,116,176,103,253,1,186,87,164,43,156,121,191,45,250,66,165,3,177,52,200,197,83,49,176,140,129,54,250,66,62,21,171,111,85,53,199,100,176,53,224,26,243,103,247,68,235,77,96,109,188,33,240,112,205,99,244,50,67,72,163,9,176,43,206,107,127,121,172,106,205,74,242,95,230,103,7,47,132,192,223,96,172,61,188,173,226,197,240,28,236,122,151,58,194,19,232,106,190,10,53,72,238,118,196,34,225,113,229,107,190,94,241,120,145,40,82,56,182,34,253,31,238,49,207,121,160,51,179,1,183,107,1,39,194,100,162,213,172,46,171,50,250,73,124,216,170,46,213,58,170,224,135,59,160,29,181,66,189,39,197,101,232,116,92,45,190,95,138,168,133,190,230,117,150,91,213,39,159,109,207,254,50,95,134,144,4,103,132,50,138,127,171,140,148,12,176,54,146,48,212,126,232,51,109,118,250,11,196,100,160,108,132,17,230,50,252,14,218,179,189,93,247,45,184,46,216,152,210,29,188,95,143,96,141,119,185,95,240,119,206,116,152,32,120,83,244,26,162,106,189,86,166,33,225,57,235,99,209,255,189,98,121,93,245,203,61,46,156,123,171,34,231,0,166,48,213,51,206,121,182,124,193,174,254,27,229,101,212,33,200,42,170,46,246,52,237,28,177,55,200,142,99,38,9,208,176,46,234,12,237,97,150,62,226,37,9,192,159,99,182,3,102,45,133,123,68,192,153,85,235,22,221,95,128,114,232,84,44,86,233,103,217,47,235,29,176,53,27,111,199,100,176,53,250,179,224,26,47,90,243,1,145,77,79,50,252,181,162,127,249,26,164,46,210,56,225,128,44,108,163,94,243,114,193,39,196,58,102,186,237,163,197,63,187,87,243,118,144,57,235,104,184,3,174,235,254,46,249,17,211,111,164,122,176,53,235,92,94,29,96,152,183,139,209,44,206,49,169,46,168,98,222,12,9,12,170,127,212,217,210,103,177,18,69,55,253,80,43,82,161,232,182,39,172,131,211,100,5,17,244,2,44,60,253,162,8,6,172,44,212,39,86,122,252,127,171,18,122,74,50,44,230,103,132,50,206,52,252,196,46,127,111,35,216,60,241,117,254,15,147,89,234,104,226,27,238,77,101,49,13,52,192,57,48,217,171,8,144,44,235,11,177,136,171,112,150,71,228,37,24,69,158,27,190,79,33,95,177,54,215,58,141,100,246,111,54,234,185,87,249,184,165,111,197,118,225,20,18,98,188,87,80,143,251,122,147,57,224,32,150,111,205,150,187,95,165,53,120,33,213,58,171,44,231,73,132,59,160,50,206,75,23,121,188,29,26,35,232,134,179,31,166,183,18,48,94,126,216,123,125,250,170,103,251,10,201,118,177,49,140,113,170,51,221,237,225,1,182,114,132,50,252,127,171,129,144,74,230,103,25,197,132,50,143,62,181,9,188,232,92,88,241,12,146,37,159,199,181,46,163,102,206,28,187,147,162,202,250,108,211,97,188,62,252,93,244,112,230,21,226,86,233,106,61,231,252,27,228,0,181,49,142,117,225,111,236,66,107,141,244,32,243,208,148,47,191,109,239,94,61,113,237,122,151,61,220,47,237,101,254,27,179,111,229,136,251,33,200,92,98,42,114,244,184,46,251,185,235,29,183,44,206,49,207,86,182,34,253,31,238,231,109,49,207,103,177,63,242,55,254,82,253,231,151,115,38,234,209,164,95,101,211,0,186,27,88,0,190,89,70,93,140,19,212,84,180,104,253,129,67,82,237,47,144,250,66,50,31,27,252,127,245,80,171,74,230,88,124,103,122,108,132,50,29,212,252,12,221,128,93,93,244,112,239,36,235,222,154,49,225,82,75,93,243,175,244,112,230,86,233,106,252,59,23,27,180,81,181,49,116,150,142,91,164,34,238,98,232,66,142,21,167,35,153,47,235,85,94,98,182,87,241,108,150,45,236,72,233,101,225,23,176,50,140,100,235,151,183,52,247,6,254,44,213,244,250,114,186,183,115,41,251,27,183,202,60,100,75,6,156,143,70,101,188,52,190,46,237,28,177,55,200,38,58,103,176,46,1,157,234,12,237,97,144,37,39,37,159,99,182,45,210,72,133,205,108,123,153,85,235,22,221,95,128,114,14,59,232,86,233,47,56,134,235,29,176,111,117,68,199,100,37,178,176,53,224,146,67,26,243,9,72,1,82,146,145,27,164,50,194,226,252,127,249,2,90,26,164,46,210,56,225,108,163,94,243,114,210,44,196,58,237,222,90,63,187,87,243,113,153,37,227,79,149,106,177,4,62,3,138,149,70,39,211,38,183,23,102,57,235,73,179,116,250,54,135,49,187,116,176,103,31,248,253,31,9,81,171,182,82,47,199,96,173,22,159,119,252,25,170,148,148,97,147,37,216,224,159,99,182,45,143,215,133,123,153,155,53,85,235,22,83,91,221,95,238,70,128,114,56,80,132,201,166,50,252,249,46,45,251,8,175,134,159,49,63,176,142,47,239,119,191,93,243,39,140,35,188,54,37,111,182,88,244,115,143,37,235,108,226,82,175,18,148,48,217,126,182,63,84,141,252,27,142,25,173,45,135,154,233,103,173,189,135,124,255,56,237,6,47,116,254,49,44,34,209,127,180,41,179,26,166,38,63,39,144,126,250,3,173,40,156,62,131,86,237,65,224,113,147,190,217,81,224,98,204,41,100,27,250,122,173,165,227,37,167,144,149,50,168,9,88,31,190,44,243,11,224,179,245,39,172,63,234,94,170,54,197,116,247,127,34,166,171,74,151,113,147,35,181,75,234,41,202,244,132,218,230,10,198,186,249,117,145,237,193,36,239,99,200,62,182,66,243,113,152,205,124,114,186,62,100,26,251,10,172,39,144,126,173,62,237,3,161,65,118,167,249,114,202,145,158,103,173,124,239,29,179,44,196,68,21,114,171,35,123,231,226,177,200,10,177,54,207,15,67,120,255,103,252,114,22,10,175,192,99,127,130,37,205,224,16,101,161,51,225,38,235,6,166,48,144,38,252,108,49,12,221,93,244,112,239,203,220,36,235,23,155,54,250,66,171,145,144,111,199,100,176,53,224,26,243,1,145,50,252,228,204,127,249,26,164,49,103,54,142,127,231,65,235,130,171,23,220,21,250,86,248,57,170,69,243,32,148,17,216,90,141,195,141,12,203,41,242,13,145,86,156,59,230,92,87,124,246,122,147,38,238,218,95,107,160,176,200,95,230,103,25,128,132,165,133,67,234,104,186,3,176,72,196,45,238,41,44,106,189,89,250,151,99,36,27,231,140,21,119,39,185,37,234,99,235,82,105,12,131,240,134,55,196,216,131,114,182,119,232,172,85,28,170,45,207,98,235,108,106,243,235,29,186,34,92,46,196,101,173,52,212,143,225,73,176,144,180,55,156,127,189,14,235,9,235,23,160,184,31,45,135,103,173,124,226,38,166,48,113,9,144,8,79,123,228,54,166,180,252,23,170,41,199,45,67,249,144,42,174,57,233,106,244,152,200,88,240,114,231,32,194,60,232,106,74,38,203,74,230,103,242,50,252,57,253,29,182,61,89,50,144,122,122,126,173,62,237,121,17,65,230,103,227,207,132,67,234,104,186,3,150,229,176,72,196,45,238,106,189,86,203,89,250,28,180,117,140,252,187,39,234,99,235,12,131,55,196,11,65,101,170,119,232,28,170,45,207,98,235,242,209,108,5,2,247,82,179,39,88,103,196,110,245,104,228,52,253,117,16,26,183,184,186,54,91,192,135,39,226,116,136,67,169,53,203,56,224,15,69,10,173,2,188,33,224,220,210,174,210,101,172,51,244,233,191,6,183,38,181,167,194,57,255,103,252,5,172,10,175,10,128,127,184,106,205,246,195,101,161,31,103,51,225,6,166,48,144,43,35,38,252,37,126,127,94,202,171,74,230,103,89,196,132,216,132,50,252,127,216,60,241,227,29,117,168,101,147,89,234,104,226,164,49,27,238,148,217,49,192,57,171,44,233,252,235,11,177,213,225,112,150,37,80,71,158,27,190,95,228,145,177,54,215,100,246,111,185,87,116,9,165,111,144,118,225,136,104,98,188,87,251,115,143,60,198,57,232,106,219,148,188,113,197,89,175,127,205,251,1,101,129,153,161,51,225,10,177,54,207,120,255,42,250,57,207,73,160,83,16,43,156,100,169,50,227,94,237,114,29,130,145,81,238,111,190,41,244,115,251,65,145,82,252,127,171,59,240,220,204,112,149,123,170,80,235,85,142,72,160,39,148,69,81,113,224,110,163,146,163,10,11,146,161,113,152,117,105,86,153,99,187,17,183,93,237,120,15,73,149,114,171,174,127,46,224,0,229,123,92,50,213,49,59,239,186,51,179,14,183,36,194,120,255,51,249,28,174,49,247,198,206,103,228,23,249,44,141,212,242,11,117,194,147,161,187,89,236,173,233,215,131,105,192,27,133,123,175,33,243,100,33,33,228,59,191,10,167,145,98,33,144,57,233,106,200,88,129,114,231,138,138,32,156,164,62,106,203,74,230,103,74,139,242,50,252,69,253,45,60,128,160,10,176,124,173,33,132,50,197,40,252,45,20,14,189,93,78,226,247,61,95,46,37,87,210,29,188,200,5,96,185,94,243,225,147,119,195,8,253,46,117,170,244,62,122,54,236,90,241,117,225,109,123,35,232,105,188,48,65,85,240,46,156,123,171,178,234,34,231,0,166,235,60,48,213,101,128,121,182,124,254,27,128,79,229,33,200,42,184,46,232,12,172,100,200,120,181,62,254,27,174,55,121,228,195,100,79,38,238,25,201,135,12,54,168,17,248,113,174,77,112,21,195,90,64,249,250,122,200,118,141,135,235,62,182,253,66,76,243,112,231,95,39,46,225,35,182,24,200,86,251,0,147,89,129,91,208,108,138,250,31,106,205,95,4,224,138,3,16,81,145,96,69,17,182,116,235,29,237,103,132,50,186,119,141,105,188,91,175,234,175,49,14,199,171,218,136,114,136,56,227,109,119,151,190,170,15,92,245,235,31,123,133,190,150,36,22,58,252,27,233,105,183,10,160,2,143,57,224,197,73,99,171,242,187,113,11,95,165,53,105,232,213,58,171,44,231,206,193,73,160,50,206,121,188,35,107,32,179,31,17,113,166,48,7,164,216,123,191,57,225,73,66,179,170,46,213,58,170,59,160,29,181,39,197,182,33,101,232,146,141,116,26,189,190,95,85,253,133,117,42,223,150,160,28,39,54,197,159,109,109,117,207,95,134,103,62,70,132,50,138,127,171,12,176,48,212,126,99,54,234,51,73,35,250,11,160,85,154,108,132,50,252,14,189,138,13,93,247,46,210,29,188,152,201,96,187,178,255,10,203,67,250,212,164,112,145,33,244,108,221,60,187,134,250,87,167,246,245,35,225,57,224,56,109,98,185,88,240,44,216,126,228,129,110,52,7,50,250,10,97,216,160,49,212,99,171,231,245,54,247,31,171,47,210,42,206,65,247,124,229,94,149,14,192,117,103,34,143,35,225,92,242,37,207,117,179,71,191,124,67,107,234,42,124,10,70,74,240,184,145,122,151,114,169,117,188,74,88,83,230,103,132,50,252,127,40,49,171,74,230,20,242,37,232,255,238,104,192,92,241,41,212,39,154,156,205,106,214,242,171,145,121,74,230,53,212,112,181,41,161,87,245,111,20,128,144,39,139,60,233,63,163,45,3,91,166,119,36,103,153,123,173,110,49,119,253,14,237,48,215,123,157,114,189,40,187,95,162,45,33,135,207,219,127,116,188,181,198,124,254,27,177,73,229,134,163,33,200,42,170,54,179,3,177,58,200,120,191,249,118,57,136,153,225,73,224,71,170,176,249,46,88,159,213,58,170,59,160,29,43,10,181,39,197,114,31,101,232,112,222,116,225,44,190,95,133,26,37,117,150,39,159,109,234,235,207,95,242,199,134,103,132,50,138,79,71,127,171,17,55,12,176,44,241,48,212,216,163,126,234,51,250,11,160,108,132,175,195,50,253,147,252,14,189,93,206,233,247,5,200,46,210,29,103,26,188,96,185,95,240,116,152,205,232,32,244,106,28,67,189,86,115,62,166,119,86,33,225,57,239,3,112,110,31,219,188,90,181,111,243,43,57,36,128,179,214,99,244,176,19,40,248,198,226,6,131,152,229,33,95,35,209,120,183,49,120,63,247,82,239,213,179,39,211,110,177,69,181,60,237,136,95,0,229,43,103,43,205,99,203,74,244,56,189,41,239,65,177,52,179,108,196,115,107,206,171,107,160,67,188,95,243,4,150,32,233,28,185,191,8,46,243,118,9,7,132,50,252,9,102,101,171,253,174,74,160,49,211,98,176,107,231,27,167,92,203,33,143,152,118,50,252,134,89,127,218,92,187,61,241,118,205,168,114,100,211,63,180,88,75,178,243,113,197,216,151,46,238,77,188,119,190,102,186,92,250,39,244,254,194,87,247,99,189,94,249,114,158,120,161,41,254,89,221,66,2,23,176,10,167,44,207,110,206,31,176,129,130,103,224,27,116,56,166,33,210,98,173,46,168,6,175,54,140,242,71,100,223,17,184,116,65,254,252,25,166,207,20,38,176,30,211,68,233,38,247,106,190,41,244,117,145,81,233,212,238,113,178,27,190,10,157,42,171,159,230,103,132,51,244,68,252,127,132,53,237,185,187,28,177,55,200,58,174,38,176,46,234,12,237,197,204,103,132,187,58,50,167,166,141,156,240,105,188,91,18,211,175,49,171,114,227,109,65,106,190,118,113,92,245,123,150,58,233,100,225,105,183,10,160,113,71,2,212,20,78,114,171,41,163,51,191,9,176,149,250,43,206,121,172,188,30,104,184,28,182,54,57,158,213,49,182,34,8,116,253,145,15,31,16,11,238,143,245,49,207,200,185,103,93,68,177,179,157,55,253,82,159,235,182,237,152,39,211,78,241,100,244,60,253,6,172,44,212,56,2,110,98,109,228,42,235,243,250,10,186,127,207,127,173,54,250,66,176,148,213,35,25,197,143,101,175,63,234,29,179,42,130,237,232,33,235,28,183,87,129,4,152,47,155,0,203,104,81,216,194,24,191,60,220,39,243,1,145,94,152,106,251,134,141,10,177,49,140,113,170,212,97,51,225,1,182,47,196,114,226,87,182,39,252,127,126,34,171,24,172,171,182,37,205,100,54,100,125,173,246,142,150,98,184,66,242,191,229,114,145,114,244,110,235,90,10,117,251,115,168,92,149,147,138,47,232,100,89,111,190,27,22,75,166,33,188,57,210,98,173,45,115,46,223,115,168,205,228,12,179,45,154,166,207,114,123,192,169,50,227,9,180,149,219,54,25,60,140,101,175,51,168,155,62,28,73,5,182,127,144,57,233,46,100,106,200,88,244,114,231,97,69,32,167,101,152,106,203,255,127,74,205,58,230,103,245,36,208,170,235,110,226,28,114,217,201,175,148,39,16,112,155,116,188,111,232,39,82,86,231,78,247,111,196,117,234,133,16,99,87,29,236,47,228,248,246,115,144,57,238,110,177,12,179,45,19,208,207,114,77,221,160,103,254,10,177,59,0,124,196,113,180,126,255,103,252,10,173,53,143,114,183,55,200,57,168,4,234,11,241,180,140,6,226,71,189,134,129,48,233,45,168,59,150,84,172,148,113,52,168,11,82,38,161,119,152,39,191,95,1,121,47,141,182,93,133,121,26,123,153,86,213,142,159,151,101,99,182,131,0,46,228,22,241,206,193,14,242,33,159,39,23,90,154,106,199,46,243,53,200,115,48,114,247,55,190,41,220,44,243,103,242,50,132,50,221,17,174,47,227,11,233,28,236,42,147,161,119,90,173,12,231,13,53,112,246,15,245,41,138,77,163,12,247,32,187,19,127,4,203,78,157,88,9,74,179,101,101,106,32,176,218,251,221,53,243,3,52,139,219,87,0,226,180,61,191,86,175,235,5,59,235,159,211,181,169,121,186,74,119,96,173,57,190,76,250,112,231,46,225,48,78,24,251,87,200,86,184,52,251,0,147,68,200,70,233,25,190,50,94,38,191,160,130,114,1,16,204,112,232,99,87,75,226,66,99,22,31,30,177,3,134,44,194,50,39,151,252,127,218,92,241,199,222,118,205,100,211,63,113,245,180,6,28,88,243,113,151,46,126,1,238,109,113,119,190,92,9,146,250,39,73,22,194,87,176,19,247,115,145,116,185,85,181,98,243,125,211,86,206,111,170,42,52,61,163,28,173,188,77,44,216,126,228,52,68,69,250,95,192,10,160,49,212,25,174,99,173,74,203,124,231,3,183,186,182,111,210,118,247,58,159,40,113,25,248,10,63,70,167,60,7,48,144,57,233,106,200,79,186,88,244,114,52,151,231,32,152,211,14,106,203,61,184,74,127,205,230,39,41,103,14,101,242,189,87,50,252,90,66,57,253,29,182,43,144,126,173,89,22,62,237,118,25,65,230,103,29,223,132,67,234,79,239,104,230,77,186,200,174,3,176,36,200,72,181,140,196,45,238,106,16,85,189,207,127,89,250,117,140,39,159,41,234,24,163,99,235,12,131,55,196,101,170,119,232,28,170,45,207,98,235,108,226,24,176,55,1,192,156,99,165,125,188,57,105,30,253,138,111,26,175,218,183,54,135,116,155,141,169,143,254,53,224,179,70,10,175,127,205,101,161,51,225,28,254,40,155,55,196,101,170,119,232,28,53,28,170,45,207,245,173,98,234,127,219,255,171,74,201,67,230,103,132,50,252,127,171,57,144,112,150,37,151,105,188,3,183,22,133,111,210,118,247,40,248,10,167,48,147,32,235,29,207,95,243,132,45,48,158,211,213,237,111,97,180,222,170,117,111,28,183,194,253,93,250,36,140,97,82,113,225,210,249,59,184,33,152,11,167,118,55,184,144,57,233,111,188,85,240,209,28,44,216,126,243,22,228,52,67,181,232,24,183,111,211,97,176,124,179,13,48,216,165,45,202,72,206,81,134,49,237,83,128,44,224,8,246,194,236,12,254,91,173,50,78,119,199,10,177,164,82,59,167,30,196,126,255,62,236,157,95,12,40,0,161,198,39,122,145,49,176,53,226,186,36,12,229,50,213,142,81,52,235,104,200,142,105,86,251,0,231,126,1,46,92,24,225,24,188,90,90,35,144,114,226,222,51,39,144,27,190,0,166,45,35,87,147,32,235,29,207,95,243,248,20,48,213,97,211,24,170,117,183,180,27,93,250,82,247,36,105,30,140,248,71,113,225,59,31,125,184,11,167,118,144,117,236,57,120,15,233,111,188,85,100,26,240,59,156,20,239,103,188,63,247,82,74,184,173,49,73,253,212,99,171,184,84,54,247,1,186,43,108,65,156,122,63,121,170,66,110,103,225,10,172,36,224,212,199,183,155,114,161,26,37,56,232,0,168,83,248,4,254,124,186,25,187,33,125,147,156,117,21,14,213,58,144,100,153,51,209,52,234,91,251,53,168,32,145,165,61,38,181,103,248,48,226,29,187,43,206,38,163,61,247,106,190,41,244,113,72,107,145,81,238,103,108,107,190,42,81,232,230,103,132,178,246,68,252,127,233,8,237,75,49,47,145,84,233,214,248,127,171,74,180,102,69,55,196,123,198,123,170,117,239,90,238,112,78,112,144,38,225,119,235,91,241,32,150,72,250,47,224,110,23,107,186,80,132,52,172,58,210,103,244,41,224,1,186,43,156,121,156,43,173,63,206,126,237,28,182,131,81,54,21,238,211,13,202,123,209,3,160,42,239,0,185,100,200,96,178,205,76,51,53,202,224,6,173,39,195,79,192,150,237,14,49,107,246,5,143,51,209,110,235,105,190,42,62,6,134,37,146,50,91,242,252,127,171,74,117,144,230,91,214,103,132,50,252,12,221,93,244,112,239,36,236,169,235,0,155,45,229,6,109,152,173,72,107,43,207,114,233,25,44,157,190,74,230,103,214,135,22,98,62,19,190,54,228,33,253,180,15,64,162,197,21,123,140,103,177,113,237,15,119,56,50,6,184,66,115,221,244,118,160,130,146,34,235,108,197,231,182,95,247,36,214,99,244,40,22,76,248,241,67,6,229,33,209,120,183,63,42,22,247,206,121,82,179,254,81,39,211,110,188,51,168,82,231,133,177,39,229,154,207,135,203,96,247,57,253,232,85,27,172,53,157,50,243,73,156,90,176,13,234,3,121,43,186,19,215,66,191,123,158,43,206,195,209,58,163,163,130,49,156,117,173,47,234,121,187,93,133,90,196,123,184,105,153,120,141,86,107,24,159,99,182,207,127,46,241,34,110,14,242,39,154,106,199,46,243,8,40,53,200,120,191,57,171,23,95,74,230,131,250,22,75,168,146,236,14,37,237,54,253,175,227,101],"b":[179,36,196,126,188,13,220,74,233,79,175,41,213,62,169,60,235,31,19,151,183,43,196,118,249,80,224,26,166,146,20,199,108,138,10,112,94,216,124,231,203,146,212,74,30,198,99,57,122,122,94,192,173,212,19,201,116,2,25,199,103,13,117,139,110,141,57,74,161,191,115,147,55,38,32,29,127,55,9,193,94,92,249,241,124,146,113,162,8,223,15,191,66,146,188,141,36,52,7,101,71,138,48,191,118,146,80,170,129,155,230,45,249,104,190,93,16,236,245,98,112,162,122,237,9,138,39,42,48,190,81,105,123,146,19,38,211,121,173,247,15,76,224,97,130,52,43,207,250,121,46,21,173,102,100,76,224,97,130,52,250,80,235,3,179,85,244,76,85,114,3,6,146,33,224,109,140,78,163,95,0,78,240,122,76,123,196,116,86,101,153,98,188,87,247,187,232,119,145,118,182,59,216,52,237,10,134,121,229,50,213,49,186,28,96,51,179,28,90,231,173,221,247,59,200,42,183,60,249,27,97,212,238,48,252,4,215,126,255,51,226,91,87,27,238,49,192,120,192,57,49,214,171,44,235,11,177,252,36,115,233,216,147,210,219,81,224,76,154,98,204,41,250,122,62,214,227,217,117,37,149,9,190,44,180,246,243,11,224,39,3,175,172,63,29,28,252,125,64,28,238,36,1,49,210,126,182,52,79,150,251,180,216,95,128,159,97,114,132,5,22,50,28,21,252,45,251,217,139,8,175,49,142,38,131,47,239,119,21,254,191,95,135,7,243,39,140,35,188,111,114,44,182,88,244,115,143,45,233,107,191,101,254,10,110,27,229,245,81,33,200,34,54,42,170,154,241,52,116,83,247,6,254,44,196,82,210,42,172,63,164,51,252,28,240,94,238,36,210,126,182,28,120,52,251,31,247,8,171,47,199,96,173,119,252,25,170,100,255,178,210,98,190,14,228,104,188,175,98,41,204,98,250,114,214,122,3,19,227,81,224,98,169,118,204,93,29,157,143,17,145,84,233,94,18,19,207,95,182,39,211,100,244,60,181,11,253,6,5,211,172,44,212,67,15,39,154,106,171,60,154,74,230,53,212,112,181,41,161,43,68,87,245,111,144,215,95,39,233,126,73,63,163,177,63,91,166,119,153,32,238,107,160,217,106,85,243,125,205,94,188,40,191,1,253,117,160,81,126,39,135,103,173,124,141,101,237,6,119,251,254,49,126,33,209,56,154,127,180,60,74,213,249,27,238,48,215,126,250,127,171,74,180,65,230,103,54,26,132,50,177,66,252,127,171,96,102,57,144,112,56,108,150,125,108,37,164,217,158,226,10,27,87,6,190,95,177,178,225,54,215,100,246,111,185,87,165,111,197,118,225,133,23,98,15,66,188,87,251,115,143,57,232,45,1,98,188,89,186,127,141,225,209,114,171,80,189,35,226,10,177,54,207,120,255,4,20,103,252,74,174,10,175,127,205,101,161,51,225,6,166,182,81,48,144,57,85,32,233,106,192,243,200,88,244,114,231,32,152,113,38,106,203,74,230,103,245,36,235,110,74,94,226,28,201,39,155,32,233,161,38,105,184,86,244,111,145,36,74,231,224,197,1,63,237,47,163,83,251,112,153,85,163,37,85,63,236,196,13,106,250,10,115,77,160,42,197,67,205,30,188,53,168,12,170,127,210,121,160,51,179,1,165,53,213,58,25,76,171,44,231,49,30,73,138,235,176,55,156,34,235,28,183,87,129,7,46,4,152,131,238,47,155,104,149,77,194,60,243,143,126,1,117,114,145,237,134,50,252,39,138,127,249,26,164,46,210,56,225,108,62,29,163,94,73,208,243,114,196,58,237,63,187,110,47,87,244,117,183,29,144,213,230,57,227,106,177,31,183,100,194,126,228,21,195,41,224,46,110,22,143,52,170,127,54,6,207,190,94,113,186,53,168,0,106,31,187,49,209,195,201,58,170,52,192,49,224,12,166,97,186,253,132,50,252,127,171,74,230,103,132,50,143,9,188,88,241,5,68,22,224,109,234,39,233,40,24,135,250,25,118,14,176,109,148,32,225,60,161,72,163,51,41,11,162,211,178,122,197,107,153,37,225,59,63,98,191,225,245,65,237,115,147,37,239,192,219,35,179,31,166,39,216,42,183,41,251,27,210,145,183,100,194,103,182,52,235,31,171,47,199,96,173,119,252,16,90,25,48,100,170,225,134,100,121,139,210,159,249,98,228,109,253,131,188,128,65,41,93,244,250,122,227,81,224,98,204,93,143,17,145,84,35,36,233,127,123,91,171,74,180,55,198,123,162,201,170,117,163,127,182,120,55,89,99,169,238,118,255,115,7,159,145,39,188,119,43,69,186,216,157,10,246,122,150,32,232,246,64,116,180,95,252,88,128,50,7,218,213,49,157,187,184,137,221,40,254,1,166,39,211,110,235,34,181,63,252,83,190,27,173,74,154,45,135,120,161,135,184,41,29,244,254,112,237,66,176,49,3,44,207,116,47,154,188,121,58,170,171,74,85,243,230,103,132,50,53,203,252,127,171,74,244,19,149,194,144,17,147,32,235,29,207,95,185,53,243,48,132,5,213,97,170,117,119,187,187,88,251,36,140,41,116,115,184,98,182,93,251,85,190,122,144,57,247,107,10,153,191,93,245,59,156,103,188,40,247,56,168,3,179,61,166,48,213,121,182,124,182,78,133,124,225,192,48,23,176,96,251,50,187,253,140,100,146,148,183,52,237,10,224,103,132,52,100,50,252,127,171,61,52,74,230,103,201,107,132,65,138,104,185,93,132,3,145,39,171,55,130,46,248,28,236,119,150,161,124,47,151,81,191,119,234,14,155,127,251,122,147,87,87,47,225,107,160,65,242,122,147,151,152,33,181,45,174,144,253,77,208,26,254,43,196,89,194,101,232,35,241,121,179,31,166,48,85,176,216,123,191,57,225,63,179,73,172,58,160,82,210,103,244,41,224,95,241,4,152,47,155,28,183,87,129,112,237,68,233,39,36,25,190,76,94,74,230,85,16,103,214,98,190,54,253,64,251,116,140,38,233,118,109,106,235,228,62,66,247,39,116,230,148,47,232,110,182,94,246,244,19,114,192,120,183,57,235,73,176,55,156,99,188,57,253,26,183,54,135,42,171,63,226,82,175,48,210,123,217,126,182,107,171,74,230,103,132,168,57,50,107,145,252,127,171,74,149,49,142,17,147,78,14,32,235,29,207,232,0,95,243,48,62,227,213,97,170,117,187,88,156,46,251,36,29,144,140,206,252,115,184,115,15,98,182,210,162,93,251,122,144,253,139,57,247,107,191,93,245,59,156,103,105,135,188,63,247,82,148,102,173,49,212,99,35,21,173,38,63,124,237,31,172,44,196,102,17,103,177,55,232,229,166,24,183,111,211,97,176,124,180,133,253,26,254,115,132,234,201,50,252,127,171,74,230,103,132,50,151,210,143,9,188,88,254,102,241,103,53,5,224,148,225,39,216,117,233,62,162,40,250,232,101,25,176,109,36,184,148,195,192,32,225,60,163,11,180,79,162,2,238,122,153,70,13,37,225,98,191,65,72,241,237,115,81,126,148,37,209,133,239,54,249,28,182,133,164,127,200,114,171,78,185,107,247,143,74,82,179,39,99,199,211,110,47,219,181,60,179,216,237,0,17,114,229,45,191,78,217,100,169,119,253,1,253,132,240,120,95,112,231,46,110,44,225,125,122,24,200,86,89,191,251,222,171,0,147,91,138,106,205,35,75,95,230,103,132,96,13,103,172,61,226,180,2,28,236,171,15,122,151,58,232,106,190,10,224,125,238,118,196,58,235,34,225,224,253,109,185,253,118,94,237,120,209,69,145,107,27,40,181,241,141,19,235,29,242,59,156,103,188,40,248,45,247,3,166,48,213,251,253,121,35,180,182,124,225,38,81,23,176,50,145,175,140,100,183,110,188,143,5,41,169,29,250,82,52,122,227,212,77,81,140,41,224,98,204,93,143,25,243,17,145,84,233,127,171,74,179,47,180,55,198,123,59,178,170,117,182,89,238,115,145,78,39,39,188,119,186,44,171,10,103,255,246,122,150,230,221,32,232,48,83,116,180,95,134,199,252,191,117,46,127,57,232,114,171,107,247,82,179,198,19,39,186,70,211,50,216,110,181,63,252,27,201,132,173,197,124,45,210,121,135,120,161,41,254,143,31,66,176,44,148,80,73,37,159,28,57,99,220,54,182,45,133,123,141,140,153,85,235,22,221,95,156,36,128,114,132,50,252,66,210,45,251,8,175,49,142,47,239,119,191,95,243,39,140,35,188,111,182,46,200,87,161,36,241,108,44,58,151,35,236,156,174,106,232,24,183,226,31,111,211,97,176,124,237,9,19,31,172,44,196,110,228,42,65,117,235,29,166,197,186,153,83,46,199,116,182,124,182,78,231,3,183,111,210,118,70,35,247,40,248,10,17,218,167,48,144,31,49,50,252,32,98,127,171,25,214,74,230,103,132,50,252,12,221,114,121,93,28,105,244,112,239,36,235,72,185,54,250,33,2,66,65,16,176,41,254,35,44,98,143,101,57,64,175,173,5,63,234,15,250,29,120,151,241,117,147,80,152,60,236,106,190,29,183,52,210,56,142,208,236,109,182,48,0,9,238,138,191,38,192,47,196,188,225,104,182,87,239,199,242,38,127,108,143,5,113,38,235,104,23,218,184,22,76,113,254,50,196,101,160,54,235,29,183,72,183,44,160,104,206,49,81,203,228,40,235,3,254,46,165,162,211,64,55,111,176,53,231,248,21,10,177,115,181,39,150,37,159,112,56,99,182,25,156,45,174,216,133,123,153,85,235,22,125,251,221,26,27,95,209,212,128,114,132,50,252,45,251,8,126,15,175,49,170,209,142,53,108,47,239,119,191,95,179,34,243,26,113,39,140,35,188,79,138,111,38,6,182,87,241,108,151,253,88,35,236,106,232,24,183,111,121,120,211,97,176,124,237,31,126,223,172,44,196,157,57,110,165,83,228,42,235,29,186,46,199,116,182,170,188,121,160,95,243,4,249,222,150,32,22,100,233,28,185,46,243,168,125,7,133,214,132,85,232,50,252,14,189,93,247,46,106,60,210,29,188,96,185,95,240,116,255,226,152,43,205,32,238,9,244,51,30,106,189,159,100,86,81,170,166,33,29,25,225,47,237,104,60,4,160,93,241,44,58,116,205,42,181,40,246,6,172,48,139,39,211,113,118,99,183,53,168,31,183,94,9,100,194,113,224,126,228,41,183,191,190,93,133,123,153,57,8,85,159,99,142,22,182,45,241,29,203,14,204,107,242,242,40,39,154,106,241,83,171,157,183,74,26,29,230,53,212,112,181,236,189,41,161,107,36,87,249,8,245,111,144,250,206,39,157,98,233,63,51,162,163,91,166,149,6,119,247,249,153,10,252,32,238,136,77,107,160,85,243,125,206,111,170,42,163,28,173,44,216,126,228,52,250,252,67,10,160,166,199,49,212,99,173,124,179,29,33,114,166,176,17,114,147,251,98,81,224,98,144,204,204,51,225,41,124,193,250,122,142,167,227,37,28,244,149,158,80,9,190,44,243,122,203,103,132,50,174,89,89,47,233,3,176,75,54,109,153,33,243,46,244,107,62,115,190,95,166,111,149,114,236,151,36,98,185,88,242,220,32,108,24,238,155,39,230,179,211,42,250,73,150,210,162,32,68,48,28,41,209,121,188,235,9,63,252,22,175,39,211,139,166,99,183,51,183,53,168,165,72,82,177,142,28,39,173,252,205,7,208,42,181,40,193,124,246,6,152,38,172,43,196,74,139,101,232,107,188,41,88,187,250,113,196,122,229,49,227,17,118,81,224,232,13,98,204,254,207,93,143,17,145,84,233,127,242,73,171,74,180,24,142,55,198,227,211,123,170,43,217,117,182,89,238,115,145,85,28,39,188,119,186,10,246,122,150,32,232,255,21,116,180,95,115,74,252,45,49,182,217,100,169,119,253,1,209,99,173,196,138,59,200,122,244,42,183,46,235,179,156,12,176,55,91,250,213,99,255,168,131,103,221,92,252,10,241,112,231,46,15,241,225,243,128,24,217,213,200,86,251,31,38,0,147,91,138,106,162,105,205,95,230,103,132,16,102,96,172,61,164,253,226,28,255,160,236,122,151,50,93,58,232,106,190,10,238,165,34,118,196,97,237,34,225,98,191,65,237,200,134,115,101,99,147,33,19,154,181,85,41,103,226,29,187,212,215,43,206,114,171,46,224,183,182,0,229,50,213,156,227,49,226,229,186,246,230,51,179,28,173,33,210,101,172,51,189,6,80,23,183,57,186,38,54,181,194,57,236,99,250,116,190,95,157,234,133,117,150,132,112,39,241,41,159,109,207,95,134,103,224,190,132,209,155,50,138,127,171,12,176,48,56,157,212,126,35,56,234,140,126,51,250,11,195,255,160,108,125,254,132,50,252,14,189,93,58,182,247,46,210,29,188,96,185,62,243,95,240,116,152,32,111,74,244,106,189,86,166,111,217,33,118,64,225,47,235,98,187,90,243,35,164,206,206,121,186,63,139,207,168,215,190,28,182,253,150,127,213,114,213,242,186,41,251,27,183,100,156,181,218,101,42,225,188,63,166,54,179,3,177,58,200,120,235,127,171,74,230,103,132,50,252,113,114,127,231,91,171,57,144,160,194,112,4,207,150,37,158,27,190,95,177,54,215,100,246,226,245,111,185,87,165,111,199,118,173,35,225,98,154,116,188,248,0,87,251,103,226,115,143,57,232,105,187,95,60,31,165,157,104,53,213,58,171,44,190,70,231,73,160,160,92,50,206,121,188,35,179,31,105,173,166,48,216,27,89,123,81,93,191,57,225,73,170,46,189,48,213,58,244,60,253,212,70,6,172,44,212,34,120,91,235,28,183,87,130,4,152,47,19,10,152,104,194,60,243,1,145,54,72,94,152,106,251,10,216,15,167,115,200,99,189,57,86,251,160,180,1,74,49,54,230,180,143,103,245,36,235,110,226,28,201,39,242,82,155,32,133,13,233,105,184,86,244,111,145,36,186,228,224,63,80,52,237,47,251,112,153,27,48,35,236,106,11,44,239,0,173,33,80,203,196,49,34,121,170,47,119,11,179,1,34,27,166,34,95,33,210,184,168,98,173,46,168,232,159,82,177,39,177,37,205,187,199,42,181,242,127,40,246,197,119,6,145,228,172,112,132,50,114,8,252,127,171,74,230,103,70,56,132,50,143,9,188,88,241,203,7,5,224,39,8,106,233,40,130,214,250,71,41,25,128,125,176,109,148,32,225,245,21,60,163,11,214,236,162,96,52,122,49,4,153,37,225,229,64,98,188,65,237,112,155,39,230,255,24,54,199,10,177,115,30,110,216,42,169,63,97,76,252,22,62,237,175,155,30,39,211,99,183,53,168,0,187,49,209,58,170,117,4,52,185,93,141,255,133,123,153,85,159,99,38,26,182,45,241,238,158,14,242,39,154,189,12,106,171,74,230,53,176,198,212,164,201,112,87,199,181,41,161,122,161,87,107,234,245,111,148,121,144,39,233,63,66,86,163,123,113,91,166,119,153,32,55,199,238,107,160,85,52,147,243,125,45,124,206,111,170,209,201,42,163,28,173,44,216,126,111,133,228,162,187,52,250,10,160,231,202,49,215,205,212,86,176,99,173,124,179,65,94,29,166,74,168,44,140,131,194,100,171,125,225,47,231,92,170,54,197,116,247,9,249,121,39,231,160,110,60,95,243,224,86,4,150,181,200,32,233,122,56,28,104,192,185,174,6,46,243,7,132,76,97,50,160,171,252,253,99,9,171,74,160,49,145,151,211,98,176,105,231,80,231,27,167,33,143,50,252,12,107,127,218,139,91,92,241,187,141,118,205,73,246,100,211,63,180,75,102,88,243,145,218,113,151,46,238,119,6,11,190,92,250,39,194,87,225,104,182,221,113,90,234,39,246,114,192,120,183,57,233,193,235,112,225,73,176,55,156,99,188,58,158,57,253,26,183,46,108,54,135,126,179,177,181,46,4,104,163,28,162,108,207,51,211,97,249,71,188,62,252,9,136,22,180,54,140,132,154,101,175,145,88,51,8,65,173,99,174,65,243,114,122,241,231,32,238,106,200,88,79,243,130,114,228,50,252,127,221,74,230,179,185,33,210,101,172,51,189,6,249,55,183,38,194,57,238,204,252,127,189,157,171,59,240,112,149,48,33,123,170,52,71,80,235,85,244,114,146,105,187,33,224,109,105,24,163,95,132,120,240,123,196,116,153,98,188,87,254,237,246,119,87,104,145,113,174,46,163,29,181,187,75,43,147,180,135,116,228,118,169,53,224,10,186,172,9,127,209,114,149,234,171,35,226,55,139,28,254,55,196,156,174,101,50,70,170,192,242,119,104,144,232,126,193,28,170,45,207,98,233,104,230,115,200,135,116,86,251,0,153,92,231,46,225,46,220,24,115,54,188,35,191,177,144,114,214,251,226,39,144,27,190,26,166,48,87,206,210,27,48,58,191,41,157,96,231,0,173,55,145,84,233,190,79,127,171,74,154,195,180,55,198,123,170,117,7,236,182,89,253,246,238,115,231,110,147,156,196,39,188,46,161,119,186,10,5,116,246,122,150,32,193,3,232,17,124,116,180,95,252,204,20,45,217,100,224,15,169,247,252,119,253,1,173,24,109,59,200,42,183,102,150,46,235,12,176,55,117,88,213,99,255,103,252,215,54,10,173,33,210,163,16,101,27,17,188,116,252,25,166,38,211,36,87,66,252,127,133,64,171,74,230,103,139,48,132,50,252,127,216,200,153,60,176,217,241,117,147,89,234,238,166,104,226,27,62,225,238,111,31,151,199,100,176,42,163,53,224,120,6,26,243,240,58,1,145,50,252,127,81,253,249,26,164,24,62,46,210,169,66,56,161,75,225,108,112,19,163,250,48,94,189,187,243,118,35,225,196,58,237,63,187,87,244,117,144,141,196,57,227,106,177,0,187,49,209,58,170,187,249,52,154,175,224,38,214,22,76,219,170,91,138,127,235,52,207,99,171,254,188,57,253,26,216,18,183,54,135,42,113,251,171,63,224,12,18,194,176,48,196,36,172,57,171,44,235,11,177,113,132,50,252,127,171,74,230,103,17,180,132,16,127,50,143,0,212,9,188,88,241,227,142,12,146,37,181,216,30,46,106,233,163,66,165,159,181,49,200,120,183,47,107,247,190,44,243,103,36,38,132,233,224,50,243,111,174,47,240,125,233,3,230,116,176,109,139,37,153,33,218,191,244,107,190,147,68,95,166,111,149,214,69,114,236,98,229,177,182,93,237,116,149,48,252,34,233,60,249,27,238,48,220,85,215,126,255,57,254,0,44,8,173,185,39,39,59,128,216,42,169,63,252,142,236,22,175,49,156,167,143,98,135,65,188,40,253,66,54,176,165,49,200,120,232,148,183,41,85,47,189,93,133,10,246,123,153,60,52,85,159,99,182,45,241,14,35,193,242,39,154,106,165,239,199,46,243,134,255,55,196,101,170,119,232,28,170,45,207,98,35,85,233,25,190,74,230,103,214,98,190,54,253,64,251,116,140,38,53,198,235,122,75,106,223,193,235,89,254,66,247,160,56,39,79,145,148,47,181,46,163,66,48,108,165,49,200,120,255,136,183,47,255,165,188,89,175,151,234,53,252,158,210,98,228,46,189,46,235,12,220,161,176,55,196,148,213,99,255,53,246,28,179,111,210,121,205,222,169,50,227,28,254,55,196,115,235,51,250,45,243,11,176,218,160,108,130,30,189,57,233,106,200,179,228,88,246,74,237,114,231,32,232,106,147,146,203,189,15,74,230,103,52,185,242,96,61,50,252,60,191,57,253,29,166,108,211,97,188,237,95,62,252,93,244,112,207,135,230,86,233,106,252,27,181,146,104,49,142,34,228,114,238,199,198,98,232,66,84,150,165,35,153,47,49,42,235,98,156,255,182,94,237,176,2,108,144,138,80,47,235,202,95,108,179,41,226,90,44,82,175,32,205,48,217,126,182,63,127,179,252,27,181,148,173,36,184,45,135,49,40,103,66,231,173,124,237,6,202,255,254,49,230,7,209,251,219,127,180,41,179,152,197,26,166,243,51,38,147,126,173,62,237,65,161,162,224,108,145,71,140,39,24,112,159,109,183,95,133,117,105,74,224,39,101,169,156,8,234,127,102,133,171,74,103,130,144,103,132,116,170,40,235,51,163,65,177,114,236,52,196,115,171,104,185,93,132,95,244,3,36,146,145,39,192,165,171,46,248,28,236,119,150,47,59,236,191,119,234,14,10,238,251,122,147,47,225,107,139,240,160,65,132,215,242,115,147,33,160,103,254,8,47,10,177,59,83,47,205,72,203,114,171,107,93,46,119,101,224,0,82,145,229,127,211,9,126,114,181,103,226,254,129,29,187,43,206,44,7,126,188,40,117,30,191,14,41,89,241,144,245,4,208,178,152,47,155,28,183,87,129,112,243,208,237,239,174,68,233,163,229,25,55,199,190,54,144,74,230,103,214,108,254,98,190,54,240,149,253,136,16,64,251,116,140,38,233,106,244,226,235,63,120,66,247,203,23,39,148,47,254,246,225,107,27,97,160,112,67,65,242,75,50,112,133,161,151,123,249,162,228,231,17,54,252,23,186,128,170,45,196,101,173,52,254,160,225,73,179,54,106,27,135,250,144,116,176,103,253,31,171,47,210,42,172,221,86,63,38,230,252,143,140,28,238,36,210,186,10,126,20,120,182,52,251,68,20,88,241,4,152,47,155,85,32,28,183,87,129,112,162,226,237,68,233,25,205,173,190,38,68,9,130,114,102,129,212,114,171,36,178,41,163,9,176,43,206,121,172,106,7,157,205,95,169,114,230,166,244,103,67,179,132,96,172,242,159,61,183,215,226,28,236,116,147,58,236,193,216,110,189,92,238,117,148,113,0,18,235,108,191,161,58,92,245,114,131,150,150,121,160,223,251,51,179,203,55,1,165,53,213,58,58,243,171,44,23,192,231,118,66,73,160,68,123,43,156,250,204,118,173,41,179,180,4,0,160,79,107,111,140,255,87,57,239,253,183,59,235,1,88,19,229,127,215,181,211,197,178,114,187,157,61,30,52,37,223,56,175,48,242,39,208,96,155,47,222,11,144,8,119,43,113,228,195,120,235,100,164,9,184,63,196,50,224,11,164,55,130,57,44,60,233,31,45,91,171,74,39,234,230,17,132,51,106,50,186,47,234,2,242,33,175,98,143,121,161,63,208,242,188,88,241,5,5,200,224,23,13,39,233,40,231,206,250,25,176,109,173,60,148,32,225,60,163,11,162,39,253,122,153,37,225,31,36,98,191,65,55,98,237,115,115,186,152,37,239,35,179,31,24,134,166,31,240,48,216,123,188,102,36,40,221,248,250,100,124,1,172,100,156,101,188,54,147,12,179,3,177,58,185,69,200,120,176,63,252,94,188,68,250,112,231,46,188,150,225,24,23,73,200,86,251,60,126,0,147,54,225,91,142,91,138,106,205,95,230,103,132,96,172,30,118,61,226,28,162,203,236,122,151,58,232,106,48,210,190,84,81,10,238,118,196,34,225,109,185,94,237,120,41,241,145,40,234,184,169,46,168,12,170,66,78,127,210,121,160,51,179,112,237,1,165,33,206,49,56,230,182,34,207,193,253,31,238,49,177,249,207,183,147,121,186,63,173,65,181,167,243,167,48,114,231,32,213,248,238,106,200,88,130,114,26,65,228,60,98,50,252,84,191,127,201,206,218,78,13,92,241,113,57,118,205,100,211,63,180,88,221,173,243,113,151,46,238,119,190,92,137,167,250,39,150,176,194,87,225,104,182,89,246,114,192,120,183,109,199,57,235,73,176,55,156,15,108,99,188,57,253,26,183,54,135,133,185,42,171,105,173,63,226,82,175,48,223,113,217,17,154,126,86,74,182,110,171,123,30,74,230,103,19,86,132,50,252,127,162,3,171,74,149,17,17,17,147,32,235,29,61,97,207,95,204,55,243,48,213,97,119,13,170,117,187,88,162,240,251,182,197,36,140,90,251,38,184,98,182,93,16,93,11,207,251,122,194,138,138,100,171,194,85,63,160,29,181,39,197,101,236,106,232,24,183,111,211,97,53,92,176,124,237,31,169,6,254,60,176,49,207,110,176,103,224,28,254,85,92,55,42,168,196,115,235,163,234,51,250,207,111,11,160,108,135,103,173,124,250,64,241,112,231,46,153,229,225,24,10,90,200,213,159,86,189,103,251,95,146,0,113,214,147,91,138,157,9,106,205,95,220,82,138,3,145,98,159,25,188,126,69,62,188,6,183,40,244,38,194,57,252,107,92,127,171,59,240,112,149,63,120,123,170,80,235,85,244,114,146,33,224,107,163,95,4,154,240,10,202,123,197,140,196,65,53,116,153,98,21,28,188,20,160,87,251,163,132,119,145,113,174,254,101,46,24,60,163,239,23,29,215,47,181,43,135,116,169,53,224,10,186,127,209,114,171,35,216,184,226,28,254,55,196,184,193,115,235,58,112,51,250,11,55,162,160,108,112,94,130,57,84,77,233,106,254,101,200,175,53,88,162,151,250,114,231,178,88,32,152,106,67,168,203,212,235,74,230,103,242,50,252,57,16,207,253,156,229,29,232,127,166,164,135,108,242,72,211,93,196,97,188,192,123,62,252,25,186,93,244,112,230,86,112,93,233,36,175,106,252,27,217,68,181,233,235,49,142,34,240,118,238,28,240,98,232,66,165,35,153,78,33,47,235,98,182,12,59,255,176,48,96,255,196,57,171,44,191,204,235,11,162,225,177,119,145,114,185,122,171,46,224,0,229,25,82,45,217,100,34,133,169,119,253,1,166,48,216,123,170,103,76,64,251,10,169,43,167,112,200,99,189,172,88,57,160,244,168,73,176,55,237,208,156,118,222,20,182,52,237,10,228,31,229,162,204,50,206,3,213,49,184,40,187,176,254,1,90,170,166,118,147,81,224,98,207,41,250,122,224,92,82,37,149,233,7,9,190,44,243,11,224,39,172,63,92,117,234,217,195,93,170,73,25,54,2,17,197,116,31,148,247,127,252,60,171,74,151,113,101,113,147,35,181,41,132,152,177,10,249,42,72,117,145,107,105,36,96,193,239,99,124,195,191,66,62,123,243,113,152,114,186,26,19,9,251,3,111,10,167,112,11,212,200,99,189,57,160,85,243,125,13,42,205,6,7,94,188,40,191,22,28,253,254,50,196,101,33,148,160,54,62,211,232,24,183,111,211,97,176,98,242,124,179,2,44,29,166,44,204,168,194,100,171,63,160,29,181,243,68,39,197,195,130,101,237,127,171,74,230,103,217,149,132,101,71,50,170,177,252,127,171,57,144,112,150,37,47,73,151,231,141,105,182,221,188,3,183,111,140,165,140,113,206,11,170,51,225,1,182,114,226,141,137,39,252,127,248,82,171,63,118,24,182,37,205,159,5,100,246,44,85,98,184,66,242,43,99,114,229,179,149,114,244,110,235,90,251,117,150,38,247,96,72,113,190,80,236,149,172,58,255,136,210,103,244,41,129,5,224,1,186,43,156,121,184,242,173,63,135,150,237,191,2,28,182,3,74,54,213,130,89,49,228,189,135,40,235,1,160,49,211,114,247,40,39,203,248,251,172,10,167,48,149,50,17,235,252,127,171,74,230,103,132,157,131,50,252,146,76,12,221,93,244,112,239,36,235,54,250,66,238,36,210,126,206,136,182,52,251,198,34,95,128,114,132,50,0,96,252,45,251,8,219,203,175,49,142,47,239,119,191,16,120,93,243,155,119,39,140,35,188,210,74,111,182,3,183,111,140,113,170,108,155,51,225,1,9,35,182,112,151,99,243,100,172,46,229,156,250,226,50,73,108,190,172,58,70,15,210,103,225,16,244,41,224,88,143,31,62,241,171,47,213,150,169,114,186,50,213,137,234,59,166,156,249,45,135,245,178,100,186,41,252,153,187,10,237,48,215,114,157,190,189,40,254,7,224,108,145,45,113,39,159,109,187,95,40,187,133,64,118,117,144,246,220,39,156,127,171,151,28,74,144,103,132,116,21,196,170,40,235,19,60,65,177,52,196,160,120,115,111,62,171,102,39,104,185,93,23,193,132,3,145,39,217,14,171,46,248,28,25,55,236,119,150,134,20,47,191,119,234,14,251,251,41,122,147,47,225,107,160,65,3,16,242,118,147,33,160,103,162,22,254,10,166,59,59,62,156,121,170,47,250,27,229,207,74,33,237,75,209,120,183,24,152,63,224,12,189,169,176,48,212,126,234,15,240,51,17,22,250,56,4,11,160,108,137,55,135,120,161,43,102,41,130,85,254,189,92,66,176,85,19,44,156,199,207,0,7,116,188,251,153,121,160,95,243,4,150,133,122,32,233,28,185,46,243,7,132,50,252,9,124,36,171,5,88,74,160,49,211,98,140,118,176,105,145,9,231,27,99,220,167,208,73,33,143,50,252,185,172,127,218,92,241,118,2,91,205,100,57,224,211,63,180,88,210,100,243,82,19,113,151,46,232,119,190,92,250,44,115,39,27,211,194,87,225,104,182,68,182,87,246,208,87,114,93,53,199,96,210,220,173,178,167,119,116,182,252,25,170,100,194,152,38,103,182,177,4,52,235,22,161,48,254,50,196,88,173,101,160,154,114,54,186,74,230,215,97,103,132,50,252,114,91,127,171,74,230,248,100,20,242,54,46,37,238,104,186,16,201,170,188,46,243,114,220,52,211,204,87,99,175,41,161,90,244,122,199,58,177,104,232,59,182,87,241,122,203,190,153,38,247,116,191,125,47,88,241,30,238,116,205,42,181,40,162,125,246,6,172,39,211,105,34,99,183,53,168,78,18,31,183,164,116,100,194,126,228,206,178,41,226,109,224,12,63,95,176,84,46,48,154,12,196,53,95,57,171,43,37,44,12,146,235,79,7,11,177,203,90,119,132,23,191,50,120,44,252,127,46,122,171,74,230,39,28,103,132,50,143,9,188,88,241,12,146,37,181,62,145,46,163,66,165,49,200,66,52,120,179,108,183,47,190,196,134,44,243,103,132,50,174,47,233,5,140,3,68,204,176,109,192,46,244,60,186,92,161,125,76,111,235,213,146,117,184,62,183,93,155,58,237,113,166,154,149,142,198,35,230,53,68,64,246,28,179,111,210,121,183,140,239,35,4,0,231,7,170,82,173,54,196,116,100,226,170,47,210,126,250,29,1,137,175,59,209,127,180,41,179,23,182,32,215,201,247,47,85,224,158,224,170,60,221,53,227,41,166,47,244,97,188,5,197,95,247,43,196,47,149,51,189,105,75,56,209,42,239,10,242,178,27,112,108,243,231,46,225,24,209,165,200,239,55,86,251,0,147,91,209,6,138,226,13,106,205,241,227,95,138,135,69,3,145,167,145,111,172,33,255,106,141,238,205,82,245,95,100,62,230,103,132,96,70,33,172,61,226,28,0,229,236,15,242,122,16,212,151,132,213,58,232,106,252,227,186,10,238,118,196,34,124,167,225,109,222,112,185,94,237,120,19,24,145,99,141,40,182,102,141,34,253,31,128,82,238,41,176,49,207,121,160,185,232,51,179,1,220,239,183,165,159,39,194,57,129,100,172,46,41,180,250,73,170,46,203,192,213,182,80,58,244,60,255,74,253,14,131,6,172,44,212,147,20,37,153,186,235,28,183,178,167,87,130,250,152,4,152,95,193,47,152,104,194,203,104,60,114,45,243,1,145,94,117,242,152,83,81,106,0,242,251,10,167,115,200,161,177,99,189,57,160,74,230,103,245,180,181,36,59,120,235,110,130,116,226,28,201,39,98,110,155,32,232,106,187,13,250,111,197,117,236,104,185,47,253,107,180,47,222,45,152,149,143,114,80,92,171,116,217,164,180,92,186,127,209,146,157,114,171,35,107,248,235,115,11,6,18,129,229,45,38,201,217,100,169,119,253,1,191,171,179,0,146,42,204,103,55,36,228,25,222,39,182,52,230,115,145,181,146,27,252,56,68,33,140,27,38,153,207,100,228,46,4,98,239,12,165,44,197,121,184,41,53,237,237,26,181,49,156,34,252,12,221,179,192,93,244,209,40,112,72,184,239,36,235,53,226,11,182,227,179,54,204,98,233,25,190,238,132,74,231,215,230,103,214,98,129,57,190,54,253,145,62,64,251,116,140,38,235,106,192,217,235,66,247,39,5,177,148,47,238,211,123,109,191,65,249,114,158,120,161,41,254,66,176,44,207,217,53,110,176,103,43,114,224,27,166,33,137,149,210,98,230,61,173,46,211,237,168,236,239,6,175,147,85,54,140,58,33,55,191,41,231,159,157,0,173,55,149,35,35,37,159,99,182,49,91,45,133,123,28,39,153,85,62,212,235,22,221,191,148,95,128,205,223,114,157,226,232,0,80,86,233,77,66,47,235,11,241,150,119,43,132,161,213,252,248,115,186,116,171,122,231,74,230,236,138,22,109,229,146,59,46,37,237,54,253,243,36,101,166,120,110,164,150,39,234,108,243,117,183,88,1,168,238,113,185,114,146,151,99,46,188,74,39,57,141,192,206,87,241,122,150,34,210,176,233,3,231,59,225,1,160,209,222,39,135,100,172,147,90,103,132,78,250,10,18,76,160,255,203,49,212,99,173,92,36,124,179,29,78,24,166,46,156,123,171,34,231,0,246,103,1,129,132,50,252,158,133,127,171,74,230,103,132,65,138,246,242,104,185,236,215,93,189,168,132,3,141,116,145,18,145,39,171,46,246,204,248,28,236,181,94,119,150,205,90,47,191,119,191,14,251,122,147,47,225,57,253,25,202,29,166,196,214,108,211,204,246,97,108,114,188,62,50,228,252,90,243,54,196,103,232,116,170,47,250,19,243,27,229,37,188,33,209,120,134,37,183,63,236,113,224,12,12,175,176,48,196,204,25,57,171,44,235,11,105,5,177,155,151,36,194,120,255,53,246,28,179,131,162,111,210,203,67,121,183,57,235,76,215,228,237,114,41,146,145,81,113,227,238,111,190,41,54,150,244,115,145,4,34,82,110,25,252,127,171,60,19,217,230,63,91,103,194,100,112,229,171,63,160,29,181,39,197,101,161,145,235,197,236,109,188,53,12,40,170,213,130,114,145,101,173,44,253,122,246,64,117,91,246,117,158,89,153,85,207,113,244,107,81,187,239,87,251,112,25,152,153,234,151,47,176,231,186,41,252,10,80,92,237,248,4,48,215,114,189,40,187,95,123,56,183,208,124,39,135,174,194,100,207,8,172,46,52,150,250,73,160,180,141,50,206,121,188,19,67,42,230,2,165,53,213,125,64,58,97,159,171,44,231,73,176,55,156,34,218,82,252,127,171,74,25,211,230,103,64,51,132,140,115,50,189,195,252,127,216,60,71,49,241,117,124,244,147,219,227,89,234,104,226,52,144,27,238,111,199,193,220,100,176,53,234,114,224,232,55,26,243,1,145,50,252,127,249,160,68,26,98,155,164,46,8,71,210,56,61,183,184,99,30,255,163,9,188,175,247,97,55,113,196,3,195,58,234,56,239,131,136,11,250,249,165,112,143,36,146,202,237,162,205,110,243,111,177,31,183,100,247,40,194,126,228,59,250,28,254,58,212,103,177,55,232,158,191,24,183,111,211,97,176,124,229,186,179,89,156,23,236,205,149,166,167,46,161,252,64,15,40,80,184,45,134,12,140,69,230,64,148,124,234,94,162,117,146,46,250,152,183,116,190,158,68,42,186,59,230,103,132,68,252,127,227,65,219,219,230,103,132,216,65,67,234,104,186,3,176,72,196,148,196,45,238,7,158,106,189,89,250,115,140,39,234,99,83,68,235,118,56,12,115,179,131,37,146,122,147,47,225,194,167,111,190,9,180,54,140,101,175,51,168,114,191,12,179,243,186,45,207,114,59,169,160,103,254,10,214,117,177,59,33,53,205,158,96,34,252,127,171,203,215,74,230,103,132,50,252,62,81,127,233,189,216,60,241,117,147,80,152,106,190,29,40,58,183,52,210,56,97,52,236,109,182,99,95,9,238,104,92,115,192,47,225,249,7,104,182,87,166,128,160,49,211,114,247,40,248,10,195,120,167,54,55,48,148,39,173,63,237,28,182,167,150,54,61,147,213,93,244,49,186,42,225,1,157,84,166,167,7,46,16,80,156,123,171,34,231,0,245,145,101,103,132,52,37,50,252,127,171,74,230,240,219,103,108,128,132,251,137,65,184,63,138,104,158,158,185,93,141,113,147,123,173,119,240,211,163,169,136,9,152,14,176,43,23,157,206,121,172,106,205,95,230,103,132,96,101,44,172,61,175,231,226,28,254,225,236,83,186,116,147,58,236,146,93,110,15,50,189,107,23,92,238,71,207,117,148,113,96,159,235,108,191,92,245,114,150,123,228,54,252,23,170,233,241,45,110,111,196,24,99,101,173,52,225,73,179,54,135,116,176,103,239,27,100,129,165,115,103,33,206,49,114,165,176,54,211,189,234,1,141,208,250,220,11,118,197,110,189,116,109,105,250,13,135,19,246,123,171,9,190,45,109,209,182,18,197,224,156,68,176,21,33,56,253,94,241,4,152,47,155,28,183,22,99,87,237,79,130,105,103,112,88,128,237,68,233,25,139,186,190,230,5,38,130,114,206,186,175,116,244,229,222,119,160,1,162,39,10,205,207,50,162,77,252,127,218,240,119,92,241,131,54,118,205,100,211,63,180,121,161,88,243,191,191,113,135,126,151,217,81,46,232,119,202,227,190,92,250,39,194,87,225,252,62,104,182,112,161,91,246,114,199,96,142,63,173,119,252,25,234,213,170,100,194,103,105,198,182,52,235,22,254,50,196,108,223,101,160,241,111,54,232,12,186,2,172,97,143,39,100,70,233,28,185,86,243,4,150,86,15,80,233,31,171,74,230,22,146,37,237,54,236,10,253,101,166,120,13,107,150,39,234,108,183,94,238,167,155,114,143,193,146,46,188,57,206,87,1,62,241,122,234,58,152,27,181,34,233,60,191,152,249,118,202,27,238,48,215,100,120,126,255,57,254,0,173,39,216,247,48,42,169,37,78,63,252,29,9,22,180,137,175,59,15,49,156,229,104,98,188,62,247,128,188,6,206,77,183,38,237,152,194,57,250,116,190,95,98,70,133,196,211,117,207,72,152,39,159,109,137,12,207,95,134,103,132,50,138,127,171,59,47,12,59,26,176,48,196,57,110,142,171,166,51,44,235,170,80,11,177,162,225,112,99,5,150,230,101,37,158,197,206,27,151,103,190,95,177,54,215,100,246,225,209,108,239,10,167,27,95,111,140,135,152,164,141,118,180,111,239,105,187,12,165,113,147,101,228,35,235,96,190,10,177,223,97,54,207,11,148,120,55,203,255,217,14,53,246,28,179,111,210,121,169,42,179,92,149,3,205,153,64,86,171,34,206,111,212,0,146,97,51,5,199,96,143,41,251,27,177,46,216,30,165,126,75,191,238,105,237,201,181,86,100,169,243,118,78,118,207,155,220,116,238,57,168,31,183,97,143,183,98,39,156,127,171,74,82,6,144,103,132,116,238,57,171,74,230,189,34,22,146,37,237,54,27,122,253,101,166,120,149,209,15,46,225,109,184,86,238,89,124,36,145,117,239,105,136,206,206,3,251,94,248,202,247,111,55,123,246,245,149,22,200,46,181,38,234,54,179,138,160,3,177,58,200,120,45,136,188,40,172,10,250,1,157,79,172,100,209,159,240,99,255,191,13,57,231,82,162,54,199,171,101,116,182,124,247,103,231,66,10,14,172,45,58,253,209,42,128,132,151,108,214,86,156,22,209,146,160,113,93,81,137,53,4,165,222,61,210,116,181,26,210,44,144,42,237,108,188,14,100,250,250,200,244,116,62,159,132,50,252,127,13,164,171,74,13,26,230,103,132,50,143,9,188,88,241,12,146,37,0,191,184,53,225,93,244,155,23,112,45,7,230,86,233,106,252,27,181,49,142,33,234,109,199,113,239,66,39,193,160,35,248,215,153,116,233,60,232,141,26,88,164,248,246,193,120,113,148,89,249,35,230,19,171,53,246,28,179,111,210,154,111,121,183,81,82,35,248,231,231,82,173,54,191,189,196,116,170,47,250,29,175,59,209,127,180,41,179,24,40,31,170,88,159,45,199,116,255,49,225,220,201,53,43,180,153,5,234,88,147,52,232,91,150,193,160,18,214,95,255,189,93,62,191,56,199,12,247,116,147,81,224,98,6,90,207,38,11,41,18,132,250,122,224,24,237,37,149,9,190,44,52,21,243,238,228,11,224,39,174,3,177,51,29,25,225,9,160,103,132,50,141,105,188,91,175,49,14,57,171,43,36,114,227,105,182,14,250,113,148,196,155,58,184,247,216,56,64,137,182,49,208,12,166,78,105,2,143,35,235,110,177,0,187,49,63,109,209,58,24,148,170,52,224,206,188,22,170,127,49,4,207,99,247,253,188,158,34,57,35,86,253,26,183,48,108,241,205,110,169,77,58,50,167,97,227,157,119,28,248,191,254,111,144,114,183,146,225,40,239,47,30,31,4,48,254,208,189,118,204,107,228,123,233,105,226,1,134,39,144,72,47,44,225,167,93,54,227,28,254,55,198,114,194,116,224,99,184,74,251,208,230,103,52,210,132,50,7,128,252,250,134,127,171,141,91,74,156,242,230,188,96,20,208,145,242,37,238,104,192,92,241,223,140,46,140,52,7,123,188,59,160,74,230,103,245,36,235,110,226,254,110,28,201,39,51,9,155,32,215,176,233,105,184,86,244,111,145,36,114,145,224,63,237,53,142,47,251,112,231,92,153,47,236,47,97,106,232,208,5,24,18,211,183,190,211,111,211,97,176,124,237,31,172,65,167,44,195,100,196,110,228,42,235,73,129,29,186,46,199,116,197,241,182,124,204,216,231,159,254,3,84,28,183,111,140,113,231,76,170,51,124,208,225,1,182,122,147,81,167,124,224,98,0,139,204,216,226,41,127,37,250,122,227,70,88,37,149,221,69,9,145,47,190,44,243,41,77,11,40,10,224,32,72,39,34,224,172,63,193,89,234,140,124,93,170,189,244,54,197,116,247,131,168,127,171,74,151,113,147,35,181,41,152,229,132,10,249,117,145,36,239,99,185,66,243,113,152,114,205,41,186,26,182,93,192,251,251,223,29,122,148,107,99,39,191,45,250,66,251,82,177,52,200,49,175,70,186,42,225,1,166,59,156,103,188,40,197,77,247,106,22,3,165,33,82,62,206,52,3,130,247,152,96,106,137,110,190,16,177,41,78,81,244,119,145,81,238,38,66,107,190,48,160,42,78,136,230,103,132,67,99,170,234,37,244,104,186,3,71,95,176,72,208,129,196,45,246,181,239,111,235,88,246,35,140,34,138,92,232,225,170,59,149,40,189,13,131,108,32,65,207,167,71,116,188,51,44,154,160,31,247,125,194,103,12,131,182,52,235,65,53,3,254,46,211,111,176,53,253,26,183,250,141,48,205,110,183,45,160,68,39,65,174,50,201,122,169,103,200,63,160,50,226,121,152,35,230,22,151,46,207,109,170,103,182,10,244,35,194,43,231,103,160,168,178,31,225,1,187,50,145,37,149,233,224,9,190,111,224,44,243,11,73,128,224,39,66,10,174,49,225,65,64,93,244,112,230,86,233,106,252,27,181,49,14,249,142,34,238,98,232,10,91,66,242,35,153,47,235,98,138,72,182,94,237,108,144,32,70,106,235,108,226,82,175,48,217,62,218,126,182,63,252,93,45,27,173,45,135,229,26,103,61,8,173,26,100,124,237,6,254,49,144,37,159,99,28,9,182,45,133,123,153,85,131,4,235,84,109,22,221,95,43,140,128,217,185,114,24,146,132,50,252,45,251,8,85,145,175,49,142,38,187,119,225,115,232,91,251,118,140,158,222,115,191,57,186,93,247,119,31,173,144,45,237,121,86,60,249,27,61,120,238,194,60,48,215,126,255,57,213,12,254,0,254,177,173,69,156,39,216,42,169,63,252,22,51,167,166,168,80,43,135,42,171,63,224,24,82,164,237,144,62,108,155,182,204,117,176,5,185,168,202,86,160,250,111,112,144,102,142,0,201,22,238,21,145,126,233,104,232,86,235,9,241,136,49,114,115,83,147,76,8,37,159,99,182,241,79,46,6,216,133,123,5,159,153,119,33,86,235,22,73,135,221,95,155,46,128,114,196,244,232,86,38,118,233,18,182,45,229,0,241,70,254,117,147,69,230,80,152,106,190,10,185,29,183,52,171,229,210,56,236,109,182,9,238,99,53,123,4,83,192,51,180,47,225,85,250,104,182,87,160,49,160,15,211,194,64,99,171,219,253,116,252,25,166,154,76,38,211,189,236,34,233,22,245,46,235,12,171,38,245,192,248,114,182,124,237,45,172,6,224,224,254,49,207,110,44,203,176,191,238,103,20,77,224,28,254,55,196,120,18,102,188,107,231,27,167,183,145,33,143,49,228,40,235,3,254,46,211,111,176,53,231,10,114,11,177,115,146,37,149,9,190,44,243,11,59,223,224,39,209,128,172,59,97,63,225,10,242,130,43,43,93,193,213,236,145,115,186,116,63,14,171,74,230,22,146,37,237,54,253,29,204,101,164,95,166,120,150,39,2,129,234,108,222,173,183,88,238,114,146,139,112,46,52,240,188,57,83,183,206,87,241,230,28,122,153,34,233,60,122,41,249,27,238,48,215,126,188,23,255,57,254,251,76,0,173,39,188,0,216,42,119,22,169,63,89,215,252,22,175,119,102,49,156,98,102,221,188,62,188,6,183,38,145,103,194,57,247,113,250,116,190,95,102,73,133,117,148,39,159,36,8,109,191,95,134,103,132,50,138,127,171,12,176,48,196,57,171,44,235,127,243,11,177,112,150,37,158,188,23,27,190,166,215,95,177,62,187,54,215,100,246,111,185,87,194,86,165,111,144,118,225,98,40,225,188,80,254,87,176,150,251,115,143,57,232,26,247,106,188,89,175,127,205,101,161,51,225,10,177,54,207,120,112,43,255,42,250,73,160,43,139,62,156,100,169,50,25,155,227,25,223,28,254,55,51,141,196,80,85,115,235,51,38,248,250,11,160,108,130,57,233,106,200,250,83,88,201,134,246,250,98,114,231,245,247,32,232,106,203,74,230,103,242,50,252,57,253,29,166,219,160,108,151,184,211,186,119,97,188,210,202,62,34,43,252,93,244,210,237,112,230,54,158,86,233,106,252,27,101,91,181,49,142,110,146,33,234,109,239,66,167,49,160,35,89,224,153,132,182,116,233,60,232,87,250,58,203,112,144,45,234,54,179,3,177,58,200,210,96,120,188,40,250,116,39,1,172,100,209,134,15,99,255,29,38,57,231,82,51,241,162,54,199,116,182,124,231,0,175,38,209,138,178,99,180,47,236,28,227,117,244,1,230,78,178,9,87,152,215,9,180,13,236,180,230,34,224,56,83,98,235,15,231,14,160,116,68,7,196,52,247,106,190,41,91,78,244,122,145,252,19,81,81,115,238,27,190,42,230,103,132,68,252,179,136,127,234,1,162,49,39,22,194,98,175,104,185,93,132,3,66,209,145,39,171,46,248,34,81,28,236,119,150,47,31,66,191,119,12,107,232,14,251,168,194,122,147,193,180,47,225,107,160,156,141,65,109,250,242,117,147,57,209,33,181,103,205,160,226,29,187,43,206,114,171,20,50,46,224,0,229,50,213,182,59,49,98,101,186,188,57,51,228,101,179,28,173,33,210,101,173,251,188,116,252,25,166,38,211,32,252,127,171,176,99,74,230,103,132,104,57,50,252,127,216,235,46,60,241,182,127,117,253,174,147,89,234,172,243,104,226,27,238,111,199,100,172,185,176,143,35,53,224,26,92,18,243,1,145,50,175,144,252,127,249,26,164,46,210,76,47,56,40,238,234,188,109,111,163,89,101,126,247,72,151,114,153,58,168,50,186,110,190,129,243,87,243,112,143,47,8,107,232,110,235,29,183,44,206,49,182,34,156,217,253,31,238,49,36,121,207,114,49,50,171,35,235,30,217,6,229,43,202,100,241,120,191,57,225,73,168,112,230,66,240,120,183,2,50,64,231,43,36,188,140,163,129,19,213,94,134,179,54,108,187,54,226,73,187,112,213,233,219,114,186,50,67,139,234,59,166,45,21,56,130,57,233,88,133,31,165,125,171,74,231,84,230,17,132,50,179,33,175,57,171,74,230,161,129,22,123,228,146,37,237,54,253,101,48,144,166,159,249,120,149,46,225,109,184,86,73,5,238,36,145,117,40,71,239,58,189,105,206,36,19,65,237,108,148,207,251,35,58,141,230,53,246,72,121,28,179,111,110,16,210,191,0,121,183,35,231,82,163,10,173,54,214,238,196,116,170,47,250,29,175,59,209,161,19,127,122,132,180,41,179,7,237,47,238,76,195,96,170,8,200,91,4,69,148,11,200,151,144,32,78,84,122,76,152,0,188,39,4,14,150,37,244,235,200,37,133,6,237,108,185,89,21,229,251,248,85,123,147,81,224,98,204,41,250,122,227,37,149,141,140,9,111,97,190,39,249,44,243,163,35,11,224,234,229,39,177,116,227,95,128,66,101,114,132,50,252,45,151,168,251,146,200,8,155,38,175,170,209,49,142,115,225,119,234,91,43,128,244,177,152,117,206,34,140,30,174,32,225,109,217,92,188,86,185,99,241,108,254,221,151,38,175,38,237,101,131,219,225,23,176,50,234,19,140,100,183,30,64,52,219,249,247,6,254,44,63,64,213,114,186,41,97,179,251,27,94,245,177,198,143,46,216,221,115,103,168,52,187,28,164,39,196,57,247,124,229,95,170,205,148,3,202,98,225,197,18,41,142,104,220,244,241,53,132,239,234,44,199,176,7,97,237,103,137,124,234,94,247,4,126,117,192,115,250,116,144,172,190,95,133,117,152,196,81,39,90,158,159,109,207,95,217,219,134,103,132,50,138,127,171,90,176,37,195,42,196,114,62,15,247,116,178,129,171,74,230,85,244,22,146,37,25,55,237,54,253,101,166,120,150,39,234,154,84,108,252,81,183,88,110,178,238,116,250,114,146,46,188,57,206,65,205,215,240,37,227,118,144,45,233,101,57,138,225,23,176,50,140,100,81,8,183,52,180,94,247,6,12,234,254,127,197,44,153,94,213,114,247,252,186,41,77,205,251,27,183,100,229,79,156,101,188,52,237,28,177,141,132,55,200,38,173,71,176,46,234,12,237,97,27,210,143,39,30,221,233,28,105,5,185,88,243,4,150,86,233,31,171,20,173,74,195,147,230,17,132,50,186,50,175,41,252,26,60,57,170,115,200,99,20,250,189,57,160,75,56,74,230,103,245,164,91,36,235,40,254,110,226,28,130,23,201,39,155,227,69,115,239,111,86,124,190,194,238,12,161,9,198,111,190,9,151,113,217,94,238,60,236,47,0,177,237,113,152,34,238,61,126,105,226,89,176,82,175,48,217,126,182,61,232,63,252,42,108,27,173,71,114,45,135,103,173,124,237,6,28,35,254,140,124,35,213,237,142,113,186,53,168,215,194,6,171,108,196,114,37,138,247,55,180,61,236,90,100,133,140,45,244,116,134,233,101,31,223,97,70,21,182,65,137,234,229,10,199,122,189,85,213,19,231,11,165,122,153,50,252,105,203,127,171,108,220,74,196,215,230,103,45,119,132,31,206,50,252,12,221,22,65,93,244,112,203,184,239,36,235,50,160,10,166,108,173,158,204,254,107,39,227,69,154,188,122,106,171,74,230,53,187,90,212,112,144,228,181,79,185,41,74,212,161,91,228,141,245,71,71,111,147,162,23,35,224,105,163,10,49,12,251,112,123,251,199,38,182,135,232,116,190,31,3,90,246,129,84,113,205,42,181,121,10,40,246,6,172,39,211,99,183,53,110,211,168,31,183,100,194,126,228,223,84,59,118,143,250,9,160,45,135,75,21,126,200,93,184,70,200,53,225,31,17,210,254,27,56,233,151,79,224,5,218,31,126,22,165,18,224,139,206,63,222,71,223,100,139,44,214,23,149,28,149,198,254,118,151,37,184,99,182,45,189,74,24,144,230,103,132,50,252,127,171,100,129,74,118,151,230,84,51,20,8,44,242,37,238,214,100,104,192,92,241,35,206,25,152,120,235,78,124,109,188,40,50,40,130,114,145,229,47,101,49,67,173,120,225,44,16,11,253,223,196,64,246,144,243,117,153,113,244,89,210,62,239,87,251,112,201,36,153,47,225,99,191,65,246,114,199,160,233,96,173,168,26,119,252,31,203,25,127,117,170,100,194,103,152,225,182,52,16,208,235,22,254,50,196,102,198,101,160,137,74,54,232,125,167,12,172,100,237,100,200,123,144,250,173,119,253,14,46,251,237,48,215,49,110,114,106,41,189,40,87,31,182,74,230,103,132,50,252,127,171,74,230,20,242,93,242,37,238,104,192,225,224,92,241,46,96,250,213,58,29,127,170,80,55,59,160,29,181,126,190,39,198,77,197,101,235,109,137,147,188,40,130,114,145,101,54,229,173,44,234,126,253,64,7,226,246,117,153,113,244,123,135,62,0,17,239,87,197,166,251,153,33,112,153,47,165,49,186,180,105,41,252,9,22,26,145,253,170,12,114,115,152,232,200,99,43,109,189,57,160,41,41,85,243,125,83,81,209,79,115,99,255,57,133,211,231,82,176,44,82,204,216,233,255,126,182,63,228,52,232,82,252,24,183,74,93,111,35,220,211,97,176,17,11,124,253,26,254,122,132,50,252,127,192,135,171,74,230,99,118,103,132,50,143,9,188,88,241,43,41,12,146,37,181,140,8,46,163,28,162,118,197,108,61,4,211,97,240,229,188,62,32,62,252,93,245,153,244,0,201,112,230,133,87,86,145,30,233,106,252,27,164,159,181,110,85,49,224,146,142,34,53,10,238,98,232,66,167,35,89,176,153,235,135,47,148,3,235,98,182,177,4,90,244,122,144,110,180,45,233,56,79,101,24,111,225,23,176,52,173,50,140,164,114,100,183,110,103,52,247,6,41,14,254,5,98,44,213,114,186,41,251,87,181,27,183,53,40,100,156,101,188,177,35,52,237,28,57,133,177,55,200,38,117,111,176,74,90,46,234,12,237,97,44,179,143,39,109,150,233,28,185,88,32,138,243,4,150,86,233,31,175,231,171,74,230,17,132,30,254,50,186,41,252,161,132,26,170,92,183,115,59,111,200,229,24,99,189,29,2,57,160,74,230,178,98,103,245,122,222,36,235,110,226,28,201,39,155,32,233,5,230,105,184,86,251,111,145,36,224,63,40,147,237,47,182,39,206,140,57,114,232,148,188,51,250,11,160,247,12,108,155,39,230,106,20,54,199,10,177,115,216,42,169,36,38,63,232,36,252,22,175,36,214,99,69,161,244,23,227,40,248,181,176,6,229,127,50,128,211,114,183,57,33,215,253,29,183,48,143,66,251,101,175,63,113,3,234,29,251,244,190,103,247,235,57,68,235,109,117,230,188,0,184,33,240,112,205,99,244,50,163,9,176,43,206,121,172,106,205,95,177,239,230,157,226,103,246,244,132,238,16,96,172,61,226,28,236,122,151,85,128,58,232,106,190,104,143,10,238,146,167,118,196,34,161,221,225,110,184,195,8,91,242,120,62,40,145,182,192,40,182,122,192,34,250,208,253,222,72,31,238,216,18,49,207,121,160,51,198,195,179,1,183,39,194,100,172,46,250,73,121,239,170,46,128,77,213,58,170,59,160,29,181,183,223,39,197,100,247,101,225,127,171,44,77,74,230,126,3,103,132,75,216,50,252,127,171,57,144,112,150,128,177,37,151,105,59,250,188,3,183,111,210,118,247,179,123,40,80,181,248,10,167,48,147,32,235,29,207,95,243,48,19,112,213,97,43,35,170,190,45,117,187,88,251,36,140,148,145,115,184,98,217,105,182,93,140,168,251,93,170,122,153,211,120,37,247,99,187,90,243,36,214,99,244,40,248,6,178,181,229,33,209,120,62,147,183,63,247,8,36,82,144,246,179,39,211,110,181,160,117,60,237,0,229,43,205,99,244,125,235,41,239,137,95,65,177,52,196,115,171,68,196,98,149,187,171,109,104,74,230,103,132,181,252,50,252,101,152,127,171,74,149,17,147,32,235,230,106,20,60,196,189,93,175,54,140,108,225,100,184,116,252,25,166,38,211,47,152,37,74,191,238,104,201,46,243,114,141,184,211,99,89,197,175,253,97,41,161,90,55,95,244,122,93,82,199,58,189,59,182,87,241,122,153,46,235,116,189,89,246,114,199,9,131,96,173,119,252,25,170,100,0,99,194,103,182,219,132,52,235,13,197,22,254,50,196,33,126,101,160,54,253,59,48,82,182,39,211,100,244,60,128,75,253,91,36,6,172,44,212,39,235,28,5,141,183,87,129,4,152,237,5,47,246,171,155,250,28,104,194,60,243,1,145,94,72,96,152,195,223,106,179,110,251,10,177,95,232,49,94,90,140,227,157,113,170,51,123,198,225,1,182,114,226,192,218,39,252,141,11,127,171,24,182,37,205,100,246,98,184,164,73,66,242,114,153,112,57,218,145,114,244,171,149,110,147,103,235,90,251,117,150,38,79,161,247,104,255,61,188,133,78,89,175,127,79,96,205,101,161,51,225,10,190,163,177,54,145,146,207,120,255,42,250,207,200,73,160,129,191,43,156,100,39,2,183,57,253,122,3,29,255,43,166,223,248,108,211,97,188,109,134,62,252,237,44,86,252,13,230,103,98,8,132,50,228,42,252,127,5,8,171,74,101,11,230,103,247,252,238,68,235,109,188,149,144,33,70,81,240,112,205,99,244,121,168,119,28,139,232,4,146,28,170,45,119,83,207,98,233,25,190,74,230,103,224,76,214,170,224,98,117,128,190,54,253,64,251,116,140,38,233,106,163,136,235,66,247,39,148,47,43,182,232,106,191,76,66,93,249,114,158,120,161,41,254,66,176,44,207,110,176,103,224,27,240,188,166,33,82,229,210,98,173,46,96,15,173,65,243,114,10,43,231,32,238,34,21,106,200,88,25,206,130,145,97,114,228,45,102,50,252,127,218,61,200,92,78,200,241,101,246,118,205,100,211,63,180,88,243,113,151,46,238,119,190,92,250,222,8,39,194,87,132,57,247,108,139,234,186,93,230,167,246,221,49,114,199,96,173,119,30,107,252,187,252,25,170,100,194,103,182,52,235,36,211,22,254,12,148,50,196,219,36,101,160,224,215,54,106,177,232,190,82,12,172,97,143,39,83,225,233,197,6,28,185,179,55,88,243,4,150,97,160,86,233,31,150,30,171,74,230,22,146,37,237,43,231,54,253,101,32,39,166,120,150,166,122,39,234,108,183,88,238,114,146,216,9,46,182,21,188,57,206,17,126,65,208,106,241,126,96,118,146,37,239,195,106,54,179,3,215,8,177,58,111,68,200,120,188,40,194,161,250,1,172,90,35,100,209,99,255,57,231,82,176,44,194,81,156,100,171,47,231,204,83,94,139,24,170,224,88,54,7,130,197,116,220,88,247,121,160,109,16,95,243,4,150,31,70,32,233,28,185,46,213,100,243,7,84,144,132,50,252,9,15,244,171,74,160,29,8,49,211,98,176,107,231,27,167,33,143,50,131,212,252,127,129,148,218,137,210,92,241,194,209,118,205,153,2,100,211,63,118,15,180,88,101,10,243,113,113,190,151,46,238,211,28,119,35,118,190,79,18,92,250,39,215,246,194,103,132,87,21,34,225,186,150,104,182,91,253,27,246,114,227,164,199,96,173,119,252,25,170,100,194,103,185,25,182,199,166,52,235,22,248,90,254,30,145,50,196,101,14,67,160,54,253,82,182,232,151,39,197,38,147,219,176,46,234,12,237,99,225,97,143,39,233,28,185,90,243,4,248,13,150,38,233,68,138,31,171,74,230,17,132,50,68,126,186,41,252,10,237,48,215,114,189,46,34,40,188,20,82,88,241,5,224,39,119,50,233,40,243,138,250,25,176,109,108,211,148,32,225,60,216,218,163,159,204,11,162,122,200,33,153,29,202,37,225,98,182,93,237,123,155,39,230,15,181,53,246,28,238,97,179,31,227,111,210,121,183,215,24,35,231,82,238,248,173,228,240,54,196,116,170,47,250,27,188,27,229,151,110,127,211,114,6,142,183,57,253,29,182,43,144,126,173,135,178,62,237,65,224,108,137,71,145,39,159,109,185,212,64,95,133,123,4,117,120,250,224,39,156,127,167,29,171,74,144,191,6,103,132,185,129,116,170,40,251,6,242,43,213,115,186,163,144,116,81,236,171,120,77,74,230,22,77,113,146,37,237,54,253,118,39,101,166,120,150,39,234,131,77,108,231,185,183,88,238,28,18,114,207,244,146,46,10,159,188,57,206,26,166,48,210,58,202,161,191,41,231,234,70,0,173,55,147,33,160,103,85,163,254,10,166,117,177,59,205,114,171,46,224,83,109,0,229,45,171,46,217,100,169,119,253,1,179,42,248,108,204,46,252,127,171,74,230,103,132,50,4,67,252,36,176,127,216,60,66,90,241,117,147,89,121,3,234,104,251,110,226,27,238,49,186,48,192,252,163,57,171,69,134,44,235,253,137,11,177,112,150,37,201,253,158,28,71,27,190,95,177,54,215,158,75,100,76,130,246,111,185,118,229,87,165,101,111,111,197,0,234,118,225,98,37,11,188,87,251,74,122,119,150,20,225,47,232,96,190,80,104,133,172,148,99,58,131,78,210,103,244,41,171,169,224,1,186,43,72,13,156,121,224,3,173,213,235,63,237,9,126,28,182,54,213,176,80,49,176,54,250,66,98,44,176,118,67,35,143,101,175,63,95,139,234,29,139,89,250,102,212,103,132,50,24,60,252,131,85,127,171,74,227,35,230,108,154,103,132,72,146,65,252,223,138,104,185,93,141,113,147,72,160,123,173,119,91,196,253,14,246,196,237,48,215,234,242,114,189,40,188,88,48,143,241,5,224,39,233,40,250,25,176,109,45,72,148,2,252,32,225,60,163,11,162,122,153,37,225,98,182,86,242,61,205,108,145,37,25,255,239,251,18,35,179,31,166,48,126,230,216,123,215,191,188,183,186,40,121,243,250,1,172,15,98,100,156,101,188,54,157,16,179,113,76,3,177,58,200,120,185,11,176,118,148,63,252,166,94,94,250,112,107,23,231,46,225,24,200,216,54,86,251,0,255,247,147,221,201,91,138,39,119,106,205,95,230,8,151,103,132,96,29,22,172,61,226,53,218,28,236,122,151,58,232,53,232,106,190,10,238,118,23,122,196,34,138,77,225,109,188,94,237,112,147,33,188,40,247,65,22,3,166,48,159,186,213,121,0,167,182,124,253,26,254,58,175,42,197,75,218,67,175,88,188,142,239,60,237,0,142,49,229,50,213,4,249,49,181,19,235,40,41,29,242,46,246,54,156,90,220,123,178,12,171,34,231,196,34,0,33,26,242,108,145,216,228,39,93,146,159,109,178,172,183,95,94,139,133,117,183,66,150,168,247,39,156,127,173,42,171,5,123,74,151,113,147,35,181,62,35,41,132,10,29,106,249,117,145,36,79,15,239,164,88,99,185,66,156,141,243,33,184,113,152,114,186,230,175,26,182,93,251,151,163,122,148,39,191,94,92,45,250,66,177,52,200,49,186,42,225,1,166,171,50,59,156,103,188,40,247,3,242,108,145,39,159,109,187,95,133,70,101,117,144,39,64,219,156,127,171,74,151,113,147,35,181,41,132,197,100,10,249,94,155,32,192,46,239,59,187,66,242,37,109,116,144,217,239,117,187,26,191,87,247,144,62,117,52,199,147,31,164,33,170,47,250,29,175,59,247,232,207,232,87,110,6,200,176,103,224,31,178,39,254,36,209,228,250,58,245,115,144,40,203,37,180,39,155,22,145,121,77,224,151,105,214,7,167,22,73,193,196,229,83,120,183,156,255,103,133,230,252,10,179,103,78,54,147,34,235,111,188,90,241,119,19,241,147,110,157,34,235,207,107,28,247,82,179,44,214,57,247,126,175,40,253,158,91,82,245,33,153,115,250,104,188,179,9,35,144,114,63,47,226,39,144,27,190,32,129,24,237,108,141,162,132,50,145,245,252,100,226,14,189,93,247,46,210,29,188,187,43,96,73,150,189,9,244,79,32,123,194,224,49,114,97,240,244,230,87,106,239,12,255,234,247,119,225,35,232,104,127,254,187,91,252,45,53,249,217,100,78,210,169,119,253,1,173,50,69,59,103,75,200,149,120,42,183,46,122,134,235,12,165,37,176,55,213,101,181,68,180,35,254,7,174,36,81,49,156,18,150,99,184,22,94,51,225,65,174,32,162,36,140,19,203,83,224,53,125,49,121,102,212,31,149,0,146,228,216,128,98,72,140,47,227,26,160,200,168,239,17,43,194,38,224,243,229,107,213,55,160,95,243,4,150,36,153,236,233,28,185,94,243,45,102,7,132,50,252,9,179,110,171,74,164,39,216,116,172,57,171,74,167,67,230,22,146,40,130,37,237,117,57,54,253,254,34,101,3,157,166,162,217,120,40,70,150,39,142,224,234,108,183,87,233,63,238,114,163,178,146,46,188,57,21,117,206,26,166,45,24,142,196,38,249,217,176,46,37,241,234,12,237,184,27,120,230,179,145,213,216,40,147,19,169,46,168,12,170,69,121,127,204,124,210,121,77,11,160,2,177,51,179,1,177,146,176,127,212,114,182,241,152,63,205,249,191,40,24,6,183,38,194,185,10,57,255,103,207,154,252,198,57,10,175,127,67,230,205,101,161,51,146,21,225,140,114,6,166,48,172,159,144,94,99,39,57,194,252,112,133,12,221,93,244,112,239,190,80,36,235,239,185,54,250,66,192,52,171,76,244,111,199,100,176,200,47,53,224,71,124,26,243,1,145,50,252,66,199,127,55,231,249,26,164,46,210,56,191,56,215,88,225,108,163,94,243,11,78,122,196,58,237,63,187,62,199,87,175,54,140,127,165,132,244,133,158,60,253,6,167,146,172,44,212,37,239,54,249,28,90,61,182,199,191,127,213,34,112,114,61,227,186,41,251,27,183,42,87,100,194,103,182,58,242,52,235,3,254,46,211,111,161,105,176,53,80,54,253,122,9,82,200,178,182,39,206,177,159,114,232,51,120,249,250,190,96,11,160,108,130,22,174,34,235,22,221,95,128,114,232,95,108,86,233,121,241,47,235,0,166,115,200,99,189,57,117,86,160,74,230,103,199,118,245,36,80,140,235,110,156,148,226,28,201,179,88,39,155,32,233,105,184,130,0,86,22,0,244,111,145,197,41,36,224,63,12,144,237,47,241,153,237,116,149,37,236,231,221,106,208,199,232,24,102,182,183,111,211,75,199,97,204,236,176,49,32,124,237,31,172,33,103,44,17,132,196,30,1,110,228,42,4,128,235,29,186,46,203,175,210,199,199,42,172,63,205,154,252,75,36,28,228,212,238,36,210,126,182,196,196,52,251,242,203,95,230,103,132,50,252,127,171,74,230,103,247,125,255,68,235,109,146,151,188,33,224,34,240,112,244,18,205,99,167,66,244,41,199,42,239,65,177,52,27,125,196,83,100,115,171,14,60,104,233,81,185,42,250,93,132,3,70,206,145,39,171,181,89,46,248,28,236,116,225,119,150,146,205,47,191,119,239,244,234,14,219,29,251,122,147,47,93,144,225,234,36,98,188,173,213,65,244,120,145,40,182,34,253,31,238,49,207,121,160,51,179,1,183,39,194,207,8,100,172,135,150,46,250,73,170,46,213,58,170,59,160,253,248,29,181,207,154,39,197,131,96,101,232,116,190,95,133,172,57,117,150,39,159,109,207,105,41,95,206,255,134,103,62,220,132,37,183,50,156,153,138,127,171,12,176,224,205,48,5,242,212,126,232,51,250,11,160,188,199,108,132,50,252,14,189,93,247,46,210,29,159,93,188,96,185,95,240,234,93,116,254,58,152,32,244,106,65,148,189,86,166,149,64,33,225,203,75,57,224,123,125,105,144,41,191,85,243,125,206,111,207,72,170,42,163,28,173,44,216,126,228,52,250,10,160,49,241,240,212,99,137,2,173,31,20,124,179,48,164,29,149,70,166,44,194,109,132,100,11,170,171,139,173,47,231,94,192,63,170,54,218,191,197,116,247,121,182,93,133,123,87,216,153,85,159,99,182,45,241,14,153,159,242,39,154,106,199,46,243,55,196,27,246,101,170,131,60,119,232,19,1,28,170,45,207,98,168,171,233,25,190,74,247,122,230,103,119,25,214,98,105,142,190,54,253,64,251,116,191,75,140,220,26,38,4,36,233,106,235,211,219,66,247,39,148,92,114,47,235,153,200,106,188,65,242,112,151,72,136,123,228,54,252,23,170,45,196,227,56,101,173,78,137,52,225,65,137,73,251,239,179,54,135,116,176,103,253,85,99,1,160,123,29,49,211,192,206,98,109,171,176,144,87,107,231,27,195,50,167,33,143,52,224,104,200,177,208,86,251,0,227,16,231,46,225,50,51,24,188,35,153,35,144,114,226,39,198,203,144,27,190,11,65,26,166,48,210,58,44,50,191,41,231,0,173,55,145,162,92,84,233,127,82,172,171,74,180,55,198,175,243,123,170,117,191,86,238,234,180,35,174,4,149,47,233,119,187,10,245,244,229,33,145,37,247,209,130,98,191,91,183,232,147,39,165,8,194,100,172,46,252,3,186,44,216,126,186,126,228,160,74,52,232,24,183,111,211,97,176,194,31,124,125,60,179,29,166,32,153,151,192,37,191,2,217,29,153,86,187,246,126,29,155,219,147,38,185,97,139,52,127,72,251,89,134,44,215,116,250,46,58,106,188,130,75,41,250,122,227,28,32,81,224,98,204,93,143,17,145,84,233,19,207,95,237,47,145,84,233,127,171,74,180,210,8,55,245,217,198,89,96,123,170,117,182,89,88,124,238,115,145,39,188,194,59,119,186,10,246,122,74,196,147,39,51,119,232,116,187,95,165,53,213,58,171,44,189,12,231,24,204,73,19,141,160,144,42,50,206,121,188,35,179,31,166,91,106,48,216,123,191,70,129,57,225,73,170,46,81,55,213,211,26,58,170,59,160,229,237,29,164,111,181,39,197,101,21,166,232,218,98,116,190,95,133,117,150,39,159,109,207,95,134,151,114,103,132,124,220,50,138,93,91,127,171,12,252,147,176,48,212,235,101,126,168,142,232,241,140,51,250,11,160,108,96,5,132,50,252,14,189,93,247,46,210,29,188,96,185,95,240,116,39,116,152,32,205,179,244,106,189,53,133,86,48,83,166,24,105,33,225,226,159,57,247,109,191,99,220,90,243,35,206,121,186,63,168,28,182,132,250,127,13,77,213,114,186,41,181,69,251,27,212,32,183,100,156,101,188,54,52,16,179,3,139,117,177,58,67,178,200,193,48,120,232,116,190,95,133,117,225,242,150,39,159,109,207,239,83,95,246,39,134,103,132,50,141,105,188,91,175,49,61,0,171,114,160,146,227,109,190,92,245,123,150,167,119,58,233,105,155,40,183,10,160,100,163,2,153,37,106,186,225,107,245,50,180,95,217,145,252,45,217,100,232,43,169,119,160,49,253,142,109,1,173,237,137,59,239,169,200,42,183,140,129,46,235,102,2,12,176,55,213,99,255,103,252,10,173,33,210,101,188,116,252,25,166,38,211,43,100,38,247,106,190,41,244,119,145,0,9,81,238,107,190,42,230,165,211,103,132,68,252,127,237,28,196,145,177,39,143,101,175,63,234,29,241,117,147,80,152,190,61,106,190,29,183,52,210,56,236,109,182,9,239,221,238,83,69,123,192,47,20,120,225,104,182,87,160,49,211,40,2,99,171,116,252,25,166,38,213,180,211,34,240,26,233,46,235,12,171,38,245,114,182,124,237,6,254,49,207,206,15,110,176,195,55,103,13,4,224,6,96,9,160,193,221,45,135,203,67,120,161,41,11,16,254,66,176,44,125,193,207,116,4,104,188,121,186,93,38,46,143,17,145,84,233,19,207,95,182,39,206,114,232,233,137,51,84,94,250,11,108,15,160,108,87,246,132,50,252,155,108,14,189,206,223,93,247,46,210,29,227,3,52,165,230,7,169,35,145,83,80,38,235,23,249,172,41,0,85,104,132,15,207,127,159,57,167,197,189,57,133,114,134,2,152,46,80,207,238,104,184,163,121,95,242,103,242,37,229,96,238,104,201,46,243,114,211,191,184,99,181,76,175,41,161,157,98,90,244,122,199,58,237,59,202,65,182,87,241,122,153,219,26,116,170,143,56,40,112,158,251,31,255,127,242,43,68,205,213,115,68,123,186,116,55,227,180,95,66,34,252,33,197,135,200,42,170,52,235,181,247,6,254,121,214,44,201,129,200,233,132,114,171,107,235,10,239,230,186,127,180,88,209,1,177,127,180,46,235,41,151,12,162,231,86,45,207,116,188,121,164,124,225,207,22,23,176,50,140,100,183,107,56,202,171,2,212,74,42,108,230,103,56,166,132,50,52,190,252,127,171,74,148,2,149,17,147,32,7,247,235,20,189,93,42,43,175,54,226,210,140,101,188,116,252,25,166,38,211,177,162,37,238,44,209,104,201,77,218,46,243,247,124,114,211,80,131,99,175,41,161,90,158,108,244,122,199,58,189,59,182,2,202,87,241,237,2,122,82,172,153,116,170,40,251,6,75,27,242,43,213,115,186,92,140,116,215,74,180,95,252,50,213,207,92,49,65,189,184,40,226,106,254,0,251,1,166,39,33,199,211,110,181,63,252,148,108,27,173,45,135,126,37,93,181,196,64,46,163,28,162,108,211,97,247,185,188,147,226,62,252,9,160,17,49,45,135,120,172,147,161,41,254,194,29,66,176,186,37,44,207,116,143,194,188,121,185,93,133,123,153,85,10,130,159,99,182,45,216,42,241,14,242,39,154,106,199,46,243,147,65,55,196,101,101,234,170,119,52,1,232,40,168,28,170,154,39,45,42,15,207,96,174,98,233,239,79,25,26,91,190,74,136,191,230,120,198,103,214,98,190,54,253,64,51,108,251,116,140,38,36,99,235,106,235,66,81,214,247,39,148,158,67,47,251,56,238,109,191,213,108,65,249,114,158,179,119,120,161,41,254,66,176,44,207,110,176,240,217,103,224,103,30,27,166,74,52,33,210,98,173,46,168,138,136,82,177,44,117,39,144,50,69,119,252,127,171,74,230,103,223,164,132,189,182,50,142,242,252,198,166,12,221,51,126,93,244,179,174,112,10,55,230,9,90,86,233,106,252,27,181,49,142,37,189,28,117,104,188,66,245,32,196,115,188,57,189,94,237,144,217,118,221,68,144,4,148,47,225,134,156,105,13,159,224,22,170,127,207,141,191,99,188,57,253,205,173,26,183,78,41,48,205,41,26,110,169,100,107,50,251,238,227,28,88,209,254,96,75,53,200,114,237,224,247,55,236,41,136,119,213,120,188,31,207,128,246,94,166,55,234,222,210,113,103,156,190,27,231,51,20,89,110,212,251,117,146,35,234,107,171,74,230,46,8,103,132,62,188,50,252,127,128,16,171,74,149,17,33,137,147,32,235,20,189,202,254,93,180,46,14,49,204,100,13,181,182,72,125,104,185,93,132,3,145,39,53,187,171,46,45,105,248,28,236,116,60,56,146,18,80,32,184,119,237,14,251,33,145,113,191,107,160,65,37,136,244,114,149,171,207,40,182,110,122,34,253,31,238,100,31,49,66,225,207,17,206,121,160,6,133,51,179,211,175,1,136,200,183,112,185,39,82,137,194,100,172,120,107,46,252,3,186,50,112,154,201,122,170,220,205,103,249,0,237,39,210,225,211,57,255,49,170,14,214,28,185,29,199,36,140,224,32,11,198,6,149,7,135,42,145,71,255,62,73,54,191,130,81,12,80,110,244,213,221,36,144,57,233,106,200,88,240,114,231,32,223,53,232,68,186,106,203,74,118,195,230,103,242,50,252,62,75,117,224,155,198,14,229,34,176,33,165,206,212,93,25,97,235,149,81,109,188,40,130,114,145,101,16,83,173,22,177,44,253,64,57,209,246,117,34,253,153,48,178,113,244,62,213,105,239,250,201,87,251,112,153,47,224,104,188,65,247,112,151,123,247,143,228,49,250,54,252,23,170,45,196,101,173,179,107,52,83,5,225,73,29,239,179,54,73,127,135,116,176,132,144,103,253,166,68,31,171,47,246,160,210,42,172,63,252,182,142,28,83,114,238,150,136,36,210,126,186,91,182,52,251,93,230,103,132,234,115,50,136,120,252,127,239,141,171,74,230,103,247,68,235,17,97,109,81,239,188,135,186,33,240,112,205,99,244,41,123,109,239,65,241,194,177,52,76,88,196,115,171,104,185,93,132,3,233,122,145,252,26,39,171,46,248,28,236,113,8,141,192,38,221,221,225,119,239,13,240,117,41,166,149,221,218,37,91,145,239,110,191,65,237,246,10,120,144,40,186,42,225,1,166,59,156,103,12,147,188,222,166,40,247,10,150,93,170,100,156,101,188,168,13,52,248,29,179,189,236,127,151,32,177,180,223,9,244,13,172,54,200,36,145,61,188,209,230,3,176,127,154,99,145,93,230,117,232,3,14,107,168,97,236,23,224,112,116,109,147,81,68,202,224,180,93,98,204,38,111,41,250,72,89,122,245,24,227,55,235,37,149,9,164,147,190,44,166,189,243,40,113,11,217,134,224,238,187,39,247,127,85,235,171,74,151,143,119,113,223,2,147,35,181,41,238,231,132,51,16,10,249,117,112,201,145,36,203,72,239,99,192,68,185,66,243,113,152,114,186,26,251,10,177,49,140,222,142,113,169,244,170,33,9,51,225,1,182,34,162,112,220,177,151,123,174,41,251,82,183,39,194,100,172,46,250,73,172,58,56,127,210,103,244,41,224,235,0,31,171,47,210,42,172,63,252,247,223,28,238,36,226,49,210,13,58,126,182,128,83,52,251,124,173,93,52,46,230,154,27,103,132,50,65,59,252,127,171,74,27,18,230,2,127,103,247,68,235,52,125,109,188,33,240,112,205,99,244,41,239,65,177,100,216,52,196,115,188,0,171,104,185,93,132,3,145,213,203,39,171,46,121,164,248,28,236,119,150,79,98,47,179,51,191,119,234,14,251,122,115,62,147,47,225,48,241,99,187,156,188,72,50,65,237,123,147,33,181,88,36,103,226,29,187,43,206,12,44,114,171,29,175,46,224,87,118,0,229,50,174,218,213,146,167,49,186,133,179,51,179,28,165,149,179,224,160,42,123,58,204,100,241,239,228,194,155,47,235,239,2,29,44,239,176,111,199,100,176,53,157,248,224,153,27,26,241,103,58,211,132,209,161,50,252,127,171,74,230,224,7,103,132,65,138,71,164,104,119,38,185,26,252,93,141,131,110,113,127,255,147,123,37,220,173,119,253,65,240,14,124,167,237,48,215,114,189,24,90,40,188,88,60,31,241,117,208,5,224,39,233,40,77,22,250,25,176,109,148,152,204,32,225,242,111,60,163,11,93,113,162,122,153,37,225,98,182,93,237,115,150,34,11,81,233,60,249,27,212,252,238,187,189,48,186,120,215,152,248,126,5,155,255,242,148,57,254,0,173,39,216,42,169,63,252,22,175,49,179,217,156,98,188,40,253,66,165,39,32,49,200,120,183,47,188,74,230,103,48,95,132,50,252,127,171,74,230,20,242,37,238,78,252,104,192,92,241,224,171,46,185,255,213,191,27,58,170,59,160,29,181,39,73,86,197,233,88,101,235,109,6,175,188,40,130,114,145,211,135,101,173,71,92,44,142,104,253,64,200,26,246,117,153,113,244,214,48,62,239,87,237,41,251,13,54,112,153,47,186,41,252,26,142,178,170,115,118,180,200,144,136,99,7,234,189,112,170,57,160,75,65,85,114,179,243,125,196,101,160,54,232,146,87,24,183,17,51,111,211,97,176,13,97,124,179,29,166,74,138,44,194,100,128,120,171,47,23,61,231,250,8,94,30,188,170,54,7,107,197,116,247,124,254,27,229,35,211,103,183,63,225,103,157,82,182,39,211,100,244,60,253,6,218,83,172,103,22,44,212,118,228,107,160,121,155,95,237,253,243,4,150,32,233,28,185,46,243,7,132,50,252,9,122,213,171,184,148,74,160,205,115,49,211,98,176,107,231,27,101,171,167,112,116,33,143,50,252,127,218,205,94,92,241,77,4,118,74,110,205,100,68,228,211,63,180,88,243,196,185,113,151,46,140,210,238,119,190,92,245,235,250,39,194,171,134,87,76,17,235,107,160,89,36,186,241,116,216,42,169,63,252,18,70,22,175,39,57,221,211,129,22,99,59,168,183,254,68,53,168,82,177,39,205,42,181,40,246,146,245,6,80,114,172,210,195,43,196,101,232,104,45,249,171,74,230,133,55,103,132,50,8,107,252,127,171,246,24,74,149,17,147,32,141,206,235,29,207,95,243,48,213,97,170,39,113,117,188,11,241,112,107,23,140,98,95,33,187,63,240,214,234,10,160,113,144,57,235,98,191,85,247,28,71,39,211,99,183,53,183,128,168,31,163,197,183,10,203,100,194,126,228,59,250,9,160,45,135,126,174,41,227,28,172,66,82,50,156,90,174,25,206,216,191,183,94,38,241,12,145,36,151,46,200,12,145,49,156,118,59,26,232,63,201,211,234,12,242,108,145,73,212,39,159,20,67,109,178,166,204,95,201,28,133,74,85,117,228,39,156,127,239,219,171,74,144,103,132,96,247,63,202,132,224,12,162,103,230,103,42,207,132,67,234,104,227,137,186,3,176,72,7,194,155,84,65,78,177,50,228,98,235,14,58,9,243,23,112,115,147,90,248,159,174,53,218,24,227,34,169,167,169,152,119,115,206,232,230,91,163,93,7,3,76,87,218,121,87,53,185,74,175,33,187,7,229,103,60,89,178,116,232,109,84,11,252,215,230,29,243,115,152,57,187,44,239,0,246,123,144,40,2,57,234,88,233,214,243,106,110,197,200,88,199,5,250,29,44,114,231,235,232,32,154,106,171,101,254,74,218,23,230,17,137,254,132,50,171,40,190,94,155,222,250,108,26,98,195,97,159,93,184,186,150,53,188,88,23,117,241,6,97,5,127,8,224,39,233,40,250,25,80,254,176,66,67,109,148,32,225,60,163,11,162,38,77,122,153,117,86,37,248,57,225,169,225,98,182,158,0,86,242,108,148,39,191,45,250,66,88,66,177,52,200,57,121,49,186,103,164,42,125,201,225,40,244,1,206,194,166,49,109,59,156,103,22,70,188,40,247,3,136,155,176,127,212,114,171,215,173,41,163,154,59,9,176,43,134,23,206,67,65,121,172,105,171,74,230,103,132,50,252,255,96,127,171,74,219,209,149,17,147,32,235,117,20,20,189,93,175,54,88,18,140,27,190,100,184,101,235,116,252,25,166,38,211,37,238,47,82,104,9,128,201,46,239,110,243,26,23,114,211,12,97,99,175,41,70,62,161,90,244,122,210,187,199,58,189,59,182,87,241,122,153,116,25,225,170,40,251,6,170,4,242,43,18,170,213,209,0,115,186,180,182,116,180,95,15,212,252,46,232,114,31,81,171,107,247,182,225,82,179,39,238,59,211,54,118,110,181,63,214,138,252,27,2,168,173,49,136,45,32,68,135,223,6,120,51,178,161,41,141,48,254,66,176,44,207,116,228,72,170,40,251,6,242,66,38,43,148,146,213,10,254,115,186,116,242,56,173,172,36,94,255,65,241,4,152,47,155,138,196,28,21,200,183,87,129,112,237,68,233,25,190,38,89,85,130,114,212,114,171,41,163,9,176,43,35,231,206,10,193,121,172,106,205,95,230,103,132,96,172,61,226,28,236,35,152,58,191,56,59,110,51,182,189,13,238,113,195,118,189,111,188,65,242,114,149,40,90,28,186,42,225,1,153,150,166,46,121,183,156,123,171,34,231,171,21,0,165,246,122,100,202,89,178,54,79,176,186,12,92,65,251,43,98,237,203,114,7,25,182,41,166,128,228,14,187,100,231,154,194,126,228,157,237,59,250,28,254,114,196,115,181,64,224,217,184,60,253,82,0,97,172,29,68,39,237,67,206,99,188,57,191,138,183,65,147,56,243,114,231,32,234,106,211,166,200,130,83,88,56,216,242,49,81,114,228,50,252,127,245,249,221,57,21,74,130,246,230,37,169,50,198,212,48,57,180,217,75,106,205,95,14,140,230,103,132,96,45,231,172,61,226,28,236,35,152,58,25,133,191,18,253,110,189,13,238,113,195,118,33,242,189,156,242,111,188,65,242,114,96,230,149,193,24,40,169,46,168,14,90,189,177,50,139,36,207,240,255,114,61,56,188,40,82,2,247,10,170,69,210,100,194,36,170,103,182,52,235,1,164,37,224,11,143,122,169,51,232,6,171,73,168,12,202,123,159,127,237,171,136,57,182,6,169,237,149,39,206,100,24,242,179,211,43,59,246,244,251,73,167,55,48,32,194,243,211,117,225,106,168,0,187,90,239,49,209,58,76,97,170,50,212,52,228,41,189,193,96,74,230,103,223,35,132,50,252,127,247,17,171,74,230,20,20,81,242,37,238,244,86,104,156,111,192,92,241,102,5,45,146,212,205,116,243,196,252,127,171,59,240,84,134,112,39,149,149,123,90,2,170,27,143,80,221,152,235,85,238,27,162,241,153,117,192,36,236,107,29,62,163,10,240,246,127,122,205,179,195,32,146,102,153,52,127,104,184,92,245,194,0,118,199,182,6,96,173,119,29,182,252,25,170,201,41,100,194,137,160,103,182,52,235,22,120,95,254,190,145,50,196,136,92,101,22,130,160,253,196,63,168,197,231,157,203,73,232,65,254,44,204,220,37,114,170,103,249,3,173,94,18,56,217,105,198,57,255,146,94,49,196,144,200,62,147,29,232,180,254,102,191,24,229,21,246,76,15,47,97,115,238,37,250,110,73,112,188,41,250,122,224,146,196,81,224,98,207,218,62,93,143,17,145,84,233,19,207,95,246,193,180,109,98,46,207,109,190,116,171,74,210,74,230,22,146,37,190,250,237,54,218,199,253,101,166,173,235,120,204,132,144,42,228,36,224,63,191,10,238,112,197,114,239,69,68,110,206,65,64,107,237,108,155,36,181,103,240,237,226,29,187,6,37,43,206,114,171,46,219,168,224,0,229,50,232,198,213,49,211,191,186,143,73,51,193,130,179,57,134,14,40,102,183,36,76,151,194,120,255,191,131,51,249,2,190,215,177,45,143,211,209,122,187,48,223,57,237,33,179,8,122,33,227,86,148,211,116,9,187,54,178,144,116,12,213,120,176,16,30,59,58,35,188,11,9,104,242,108,145,39,83,211,159,246,164,109,204,95,17,254,133,130,231,117,228,26,159,39,104,169,156,221,111,127,171,74,144,229,35,103,132,200,170,96,247,250,60,57,253,27,80,187,172,112,31,73,150,37,158,227,228,27,191,209,190,95,177,54],"c":[101,34,117,176,119,12,27,250,161,200,85,242,75,143,23,137,15,126,118,13,143,181,34,132,29,186,10,170,111,150,247,197,114,183,215,247,40,145,179,226,93,224,44,207,45,120,139,238,112,60,190,204,140,115,250,129,199,109,174,221,138,15,166,179,191,19,252,80,136,113,24,90,170,76,156,249,208,94,139,49,191,79,169,131,146,19,198,60,226,85,113,103,139,94,241,19,216,129,198,97,235,94,54,213,228,227,146,25,199,105,123,174,191,126,146,26,180,26,199,87,132,103,104,84,214,190,19,247,118,145,29,191,232,9,219,94,209,121,146,37,199,103,96,189,76,224,97,130,52,165,35,250,222,80,121,173,76,224,97,130,116,134,52,250,147,26,121,42,221,173,76,181,21,177,49,142,34,238,202,178,98,232,66,62,176,167,245,140,35,252,254,153,47,235,98,182,65,77,94,204,58,237,108,113,9,144,172,202,39,229,195,235,108,164,132,226,8,73,24,176,55,156,99,188,254,151,57,253,26,203,9,183,54,70,35,135,116,169,53,224,10,216,115,175,62,166,127,205,95,219,101,108,57,161,51,225,28,254,55,196,240,211,101,170,119,232,163,30,28,170,45,207,98,247,106,190,239,197,41,244,117,115,95,145,81,238,27,190,42,230,146,16,103,229,127,132,195,114,68,232,19,252,71,159,127,190,102,237,28,177,55,200,36,176,169,69,46,234,12,37,74,237,28,194,103,132,18,107,50,141,29,166,105,188,91,175,49,221,207,171,71,175,114,227,203,74,109,190,92,100,147,245,173,59,123,150,241,16,58,233,105,169,38,183,243,107,10,180,65,160,167,49,2,24,55,153,37,225,110,187,211,187,95,204,7,183,59,163,39,194,100,136,226,172,186,80,46,250,73,84,5,160,50,71,184,206,237,169,121,188,52,44,225,237,28,177,55,33,63,200,36,238,53,176,46,4,68,234,12,144,206,237,100,156,101,188,54,179,3,40,178,177,180,222,58,200,120,176,63,252,94,237,78,226,114,145,81,238,109,190,41,82,78,244,3,145,150,77,82,252,127,171,60,230,103,194,100,171,47,218,66,231,92,170,54,197,35,187,116,67,103,247,127,171,74,151,113,147,35,84,169,181,41,132,10,231,201,249,236,157,117,145,36,239,99,185,66,243,113,152,114,186,26,182,156,184,93,251,192,255,118,113,158,148,139,172,39,184,53,224,12,166,100,210,98,228,46,240,107,235,110,95,12,176,55,213,99,255,63,233,103,252,10,116,67,175,49,183,127,205,91,138,101,161,150,64,51,225,92,241,4,129,158,152,47,208,37,155,28,183,87,129,112,237,68,233,220,16,25,147,128,190,17,124,74,230,252,49,103,214,98,190,54,253,64,251,39,234,116,154,195,140,188,127,38,233,106,235,66,76,191,247,39,107,143,148,47,238,109,191,65,46,178,249,218,170,114,242,109,158,103,173,153,5,124,237,6,189,115,254,231,191,49,207,110,49,70,176,103,224,9,160,0,122,45,135,120,161,41,254,66,176,92,76,44,207,116,34,35,188,121,171,158,49,74,230,103,230,129,132,50,252,127,171,74,71,143,149,17,236,225,147,32,235,29,207,95,48,241,243,222,198,48,213,97,170,117,187,128,151,88,251,158,235,36,192,189,140,104,125,115,184,181,195,98,92,236,182,93,251,122,85,95,144,57,247,107,182,93,245,33,2,59,156,103,188,63,247,111,160,82,173,49,212,99,173,124,196,217,237,31,159,197,172,198,124,44,196,123,228,54,252,216,255,23,170,45,200,114,171,107,160,44,247,95,243,205,202,4,172,86,150,32,233,187,142,28,137,251,185,13,67,46,243,7,132,50,23,245,252,14,189,181,221,93,247,150,55,46,210,18,29,29,188,96,0,109,185,95,29,134,240,116,152,32,244,106,189,86,248,158,166,33,225,47,22,0,235,98,139,240,186,135,192,90,243,104,243,54,55,75,196,170,239,116,170,251,215,47,250,250,112,27,229,33,59,218,209,120,15,9,183,63,177,13,254,7,197,134,174,36,0,186,214,99,244,40,248,6,233,250,229,59,131,49,212,42,239,104,200,86,216,172,251,0,231,46,31,69,225,24,188,35,144,114,226,39,240,18,252,127,171,207,223,24,94,73,182,37,205,100,246,98,184,66,242,50,78,114,145,114,244,110,235,90,52,14,251,117,119,216,150,156,92,38,247,96,190,80,179,158,206,54,218,12,135,62,132,118,243,62,171,42,224,10,166,48,216,123,188,218,36,40,250,1,54,88,172,100,156,101,103,18,188,111,57,54,179,3,177,58,200,120,156,205,176,63,252,94,237,114,145,81,69,31,238,35,52,109,57,184,190,41,244,3,117,96,145,82,252,127,139,58,171,178,170,59,240,112,149,83,243,123,170,110,127,80,209,166,235,85,244,240,228,114,129,211,146,250,112,33,224,114,238,109,211,26,163,95,142,95,240,190,129,123,196,27,255,116,85,119,153,98,250,95,188,87,247,88,121,119,93,179,145,99,23,102,188,57,230,11,151,39,199,39,53,179,206,49,186,51,86,111,179,28,173,11,62,59,200,42,183,60,249,27,238,48,215,126,255,41,48,16,251,82,251,112,231,104,103,46,225,24,200,86,251,140,185,0,147,91,138,106,190,143,205,95,139,14,230,103,132,96,180,125,172,90,47,61,226,28,114,49,236,136,42,122,151,228,147,58,232,253,244,106,129,173,190,215,246,10,238,145,103,118,31,80,196,34,166,141,225,109,185,49,220,94,137,231,237,120,145,190,120,40,65,125,169,46,168,12,170,241,44,127,210,121,160,83,82,51,179,1,198,1,165,249,17,53,202,227,213,58,171,44,231,17,58,73,82,29,176,55,156,46,161,137,235,28,183,87,129,106,10,4,152,47,155,104,194,60,243,1,145,50,252,68,152,127,249,125,171,26,164,99,90,46,240,131,210,56,225,127,49,108,185,154,163,94,243,114,196,58,237,184,92,63,187,87,244,180,109,117,76,214,144,246,94,57,227,160,151,106,177,3,138,38,235,39,139,66,211,243,107,38,183,57,15,204,235,73,179,54,135,116,176,103,253,31,239,154,171,47,199,96,202,39,173,119,252,25,46,29,170,97,64,97,143,39,194,179,233,28,185,217,170,88,229,129,243,16,138,4,218,213,150,86,228,112,233,31,199,107,171,74,68,195,230,39,132,22,146,37,237,54,180,80,253,113,255,101,166,120,150,39,234,108,183,88,238,114,94,141,146,46,228,23,188,57,67,51,206,114,179,93,159,56,242,244,151,108,151,37,239,54,249,28,34,8,182,178,84,127,219,148,200,121,158,114,43,32,171,107,247,82,179,39,211,110,181,60,237,0,229,8,52,45,245,140,217,100,169,119,82,15,253,1,242,4,177,112,147,237,231,46,225,24,200,86,251,0,147,91,150,166,138,106,205,153,88,95,230,103,132,125,63,96,172,61,226,193,130,28,236,122,151,58,232,106,190,215,112,10,238,38,32,118,196,34,225,122,223,109,5,36,185,123,25,94,133,211,237,120,145,40,252,24,169,54,219,46,168,26,77,14,177,50,207,114,188,40,247,3,192,66,166,48,213,121,182,124,179,29,158,193,166,46,156,187,26,123,171,34,231,4,134,0,170,39,108,94,211,38,235,157,188,104,141,35,200,86,251,147,194,0,231,46,225,24,188,35,157,57,144,114,226,39,120,103,252,127,171,24,182,42,200,37,205,189,211,100,234,187,246,98,184,66,255,253,242,115,80,114,145,233,244,114,244,42,81,110,235,90,117,21,251,51,147,117,150,38,247,96,181,19,190,110,224,80,175,11,196,101,232,52,237,10,229,50,213,115,210,49,186,250,232,51,179,28,232,178,179,202,147,42,204,188,224,113,174,46,163,29,181,43,130,57,232,170,233,106,200,88,46,45,244,12,202,114,231,97,173,32,152,106,4,49,203,74,230,103,30,188,245,36,132,78,235,110,226,6,227,28,201,231,208,39,155,32,233,105,184,86,244,111,145,36,224,63,35,55,237,47,251,112,153,35,236,106,239,164,122,0,112,143,173,33,196,49,169,140,148,46,168,12,170,115,244,127,210,69,208,121,160,51,179,1,165,53,213,58,166,54,171,44,110,22,231,76,237,114,145,20,226,81,238,173,79,109,19,208,190,41,244,3,145,82,252,127,171,59,240,127,104,112,149,123,170,32,59,80,235,12,126,85,244,114,220,41,146,56,201,33,224,109,163,95,51,43,240,210,48,123,196,116,153,59,110,98,93,22,188,87,246,129,96,119,145,145,210,118,188,62,182,52,21,151,237,22,192,10,73,2,229,50,1,83,213,49,186,51,179,184,209,28,134,139,173,156,119,59,200,52,235,42,183,60,218,18,249,27,104,244,238,48,215,126,81,94,250,116,190,95,133,117,150,39,159,109,207,95,134,103,139,72,132,50,141,105,188,91,175,49,171,114,227,109,190,92,245,123,150,58,233,84,88,105,46,125,183,162,236,10,160,150,233,2,5,137,153,35,148,116,235,78,212,116,188,166,148,93,245,46,62,224,156,123,171,34,231,0,166,48,213,121,182,124,254,27,229,167,40,33,122,253,200,31,32,42,51,1,170,54,246,42,230,46,217,2,176,127,212,114,239,42,171,41,163,9,176,43,206,121,172,108,188,41,250,122,227,81,224,98,204,252,165,93,143,19,52,17,145,84,233,19,13,109,207,95,182,39,160,146,211,100,244,60,253,6,172,195,190,44,212,39,104,35,154,106,171,74,118,200,230,53,198,140,212,112,181,90,107,41,187,124,161,180,164,87,245,111,144,39,131,236,233,63,226,21,163,91,166,119,153,32,155,39,238,107,160,183,136,85,179,185,243,249,39,125,209,99,255,57,231,85,75,82,176,44,216,126,228,52,232,12,172,88,154,100,206,111,170,42,163,28,173,44,194,114,250,116,190,95,49,238,133,214,183,117,150,39,159,109,207,95,198,70,134,103,132,50,141,105,188,91,175,219,38,49,171,114,227,109,52,146,190,184,46,92,245,123,150,58,233,105,183,10,160,2,153,18,230,35,17,240,235,116,188,61,48,93,245,46,156,123,171,34,231,188,140,0,171,15,166,48,246,232,213,121,182,124,224,14,254,80,251,27,229,229,170,33,200,123,19,42,170,42,230,2,242,103,3,208,132,50,252,127,240,239,171,74,230,103,132,65,138,59,196,104,185,93,132,3,145,39,171,46,248,196,223,28,236,119,14,246,150,47,191,57,165,119,234,21,153,14,251,122,147,47,225,242,45,107,199,187,160,89,241,115,155,83,14,39,230,53,246,28,179,111,210,121,109,26,183,35,247,29,231,82,173,54,196,116,170,47,250,27,224,108,224,186,145,39,159,113,35,109,185,110,85,95,84,248,133,117,213,190,224,242,84,39,81,178,156,127,171,74,110,14,151,113,147,35,181,199,213,41,199,161,132,10,249,151,253,117,145,36,239,99,185,66,243,173,152,113,152,114,11,52,186,26,182,93,251,38,158,118,148,139,53,39,191,45,223,21,250,66,177,52,200,47,200,49,186,42,225,1,166,133,22,59,156,66,130,103,188,156,88,40,247,3,165,33,206,52,205,137,247,176,43,106,130,67,190,41,129,146,244,168,224,117,145,81,238,27,190,42,230,103,132,67,234,104,186,149,143,3,176,72,196,45,29,60,238,106,189,202,41,89,86,178,250,117,140,39,234,202,151,99,235,12,131,122,147,47,71,132,237,123,132,111,190,0,124,27,143,38,166,33,105,171,201,115,131,16,141,142,157,63,246,152,225,73,24,230,160,245,10,43,156,100,183,238,126,35,231,82,173,29,249,36,190,155,194,186,75,120,255,53,246,28,179,111,210,91,36,121,69,143,183,57,235,76,237,114,145,81,238,109,190,73,67,41,245,181,244,78,199,3,145,82,252,127,171,232,42,59,240,112,15,86,149,148,186,123,170,80,235,85,244,69,208,114,146,254,140,33,212,203,224,189,164,109,163,95,238,103,240,53,182,123,101,38,196,116,153,98,188,208,208,87,152,104,246,119,223,73,145,113,174,46,56,30,163,254,11,29,181,74,203,43,135,70,5,116,47,9,169,175,167,53,224,10,186,127,209,114,77,197,171,80,14,35,226,31,7,9,23,29,160,45,255,234,130,99,66,57,233,65,188,106,200,88,244,114,231,32,152,106,203,74,230,103,171,193,245,36,235,110,226,28,201,39,155,32,84,10,233,105,184,86,244,111,155,232,145,79,90,36,163,243,224,63,116,64,237,47,251,112,146,37,227,106,199,40,177,0,107,104,187,63,187,49,136,84,209,58,170,52,80,229,224,22,170,127,209,73,207,99,43,149,188,57,167,127,253,26,183,54,135,126,59,3,181,46,163,28,139,218,162,108,211,103,138,97,101,25,188,62,252,93,66,36,230,103,132,63,64,50,126,81,252,89,168,127,72,135,171,74,230,103,247,68,235,109,31,108,188,33,240,115,21,112,205,166,18,99,244,41,239,65,177,52,196,115,171,104,185,8,134,93,132,3,145,39,171,46,40,232,248,28,154,222,236,119,150,19,37,47,191,252,161,119,234,14,237,146,251,122,147,47,169,61,225,107,160,65,242,112,22,192,147,33,181,45,253,26,207,226,254,43,196,82,60,101,174,239,232,224,137,35,52,11,179,31,166,46,110,48,216,123,191,175,125,57,225,73,172,58,210,103,244,41,224,91,241,4,176,95,152,47,46,47,155,28,40,111,183,113,88,87,129,122,13,112,237,68,35,176,233,25,190,74,230,248,46,103,214,98,190,36,109,54,32,52,253,64,251,116,140,189,255,38,233,110,90,33,235,66,247,39,148,47,7,98,238,41,120,109,29,212,191,65,241,119,225,112,151,123,228,168,61,54,252,88,231,23,170,45,196,180,43,101,173,81,198,52,225,73,179,54,3,220,135,165,37,116,176,63,236,103,253,31,222,155,171,176,126,47,248,159,210,42,172,96,247,63,234,94,91,229,170,54,121,222,197,116,247,121,160,198,232,95,211,37,243,4,150,46,233,141,24,28,185,227,72,46,243,7,132,50,252,117,40,9,171,74,160,49,211,205,165,114,247,40,248,10,167,48,147,32,13,138,235,29,207,95,243,64,3,48,213,97,170,117,129,177,187,164,125,88,222,137,251,36,140,68,222,115,184,98,182,93,250,176,251,18,22,122,144,57,247,107,184,93,245,29,73,46,226,54,214,100,172,103,231,10,181,87,177,115,216,42,210,46,169,63,252,22,175,36,194,156,85,120,247,159,255,53,246,28,179,111,210,175,92,121,239,5,158,104,200,86,245,116,251,0,231,46,132,15,225,197,60,24,188,35,144,114,226,39,171,111,252,127,171,24,47,90,182,83,228,37,50,139,205,100,246,99,110,98,184,66,160,173,242,115,166,114,183,52,145,160,72,114,9,3,244,110,235,90,251,115,34,15,149,47,232,111,190,24,21,14,172,44,194,114,255,42,250,73,160,43,156,100,183,35,231,93,244,82,174,22,173,36,214,99,244,40,74,21,248,6,224,108,173,109,145,39,173,38,159,71,26,109,185,226,117,95,133,244,84,117,224,111,173,39,156,176,6,127,171,74,151,21,41,113,147,233,145,35,181,41,131,197,132,10,249,117,145,103,61,36,239,99,54,231,185,174,80,66,243,38,180,113,152,114,96,133,186,101,244,26,154,185,182,93,251,119,148,55,180,39,191,45,250,66,177,52,200,79,151,49,186,42,225,1,165,67,166,59,156,103,188,40,247,3,165,33,206,11,233,49,176,54,250,66,72,31,176,74,101,35,159,19,143,33,253,101,110,129,175,63,63,116,234,29,241,103,132,50,247,5,252,127,171,74,189,21,230,103,172,102,132,65,138,191,106,104,185,93,207,216,141,113,147,123,51,105,173,104,240,119,253,14,237,48,215,114,232,35,189,40,105,109,188,88,61,24,241,5,224,39,233,40,250,25,176,109,148,21,220,32,163,78,225,60,163,140,3,11,162,83,10,122,37,87,153,243,42,37,225,98,191,95,144,65,250,225,237,115,149,192,252,37,78,5,239,54,249,28,182,127,200,127,129,114,171,107,247,82,179,39,15,159,211,110,248,73,181,41,179,31,62,26,166,48,225,135,210,58,191,132,150,41,231,170,87,0,64,255,173,55,201,171,205,197,158,42,181,241,181,40,246,6,172,112,132,50,42,24,252,65,203,127,171,33,171,119,209,74,230,96,32,103,60,15,132,50,143,201,234,9,188,88,64,132,241,12,146,37,181,46,98,143,163,196,201,28,162,249,31,108,233,217,211,97,188,88,219,62,252,93,244,112,98,64,230,14,75,86,233,106,252,27,67,184,181,49,142,34,238,98,161,64,232,66,167,35,153,47,235,135,68,98,182,94,237,108,144,36,235,108,226,82,175,48,217,126,182,63,192,75,252,172,172,27,209,201,173,61,245,45,135,120,178,103,173,241,151,124,237,6,168,242,254,49,207,116,234,74,170,40,251,6,240,43,213,115,127,250,186,116,173,103,199,65,243,114,231,161,209,32,213,185,238,173,119,106,200,88,218,43,130,114,225,60,228,50,252,127,221,74,38,248,230,33,210,158,211,101,142,149,172,113,188,51,189,6,183,38,194,57,252,115,211,127,171,59,240,122,162,112,149,123,170,80,235,220,59,85,244,114,0,173,146,33,224,84,75,109,135,124,163,161,107,95,240,123,196,116,153,220,226,98,140,138,188,87,250,12,126,119,145,113,25,92,174,46,163,29,228,162,181,43,135,116,169,53,224,10,186,127,220,86,209,114,171,35,226,9,23,44,160,67,80,45,151,240,135,78,193,126,200,141,181,146,249,46,163,66,165,49,26,38,200,120,183,195,83,47,191,93,133,123,153,85,246,115,159,99,78,193,182,45,241,14,242,106,199,39,154,106,199,96,7,46,243,34,53,55,196,98,157,115,235,51,250,46,218,11,160,196,86,108,132,50,120,129,252,14,189,93,247,46,210,29,188,96,4,238,185,222,5,95,240,36,167,116,84,131,152,38,244,12,129,106,189,86,63,120,166,33,23,211,225,47,235,98,142,222,182,90,94,57,243,36,105,221,214,99,96,233,244,40,248,6,229,33,209,120,183,74,131,63,86,59,247,141,20,82,179,39,211,220,215,110,181,60,83,153,237,201,221,0,229,43,205,99,244,119,232,28,170,109,222,45,186,164,207,98,235,104,200,86,113,32,251,3,231,253,219,46,226,103,225,27,188,176,40,35,144,219,184,114,226,39,0,180,144,27,190,26,166,110,75,38,147,196,80,126,81,48,173,62,56,153,237,65,230,103,132,67,234,104,186,3,0,49,176,78,15,72,196,247,120,45,168,118,238,106,189,89,29,190,250,117,227,222,140,39,27,213,234,99,235,12,151,229,131,122,149,37,247,253,174,104,188,182,136,89,175,222,4,127,205,101,161,51,225,77,117,10,177,54,207,120,74,169,255,42,250,73,160,43,156,68,221,100,183,48,82,57,253,29,182,94,158,43,144,126,7,194,173,62,96,162,237,15,124,65,224,0,189,108,145,214,198,39,168,139,159,109,185,95,133,117,224,39,248,248,156,127,65,77,171,74,144,147,79,103,132,112,0,116,170,40,182,128,251,6,242,43,213,115,186,63,232,116,196,254,171,74,230,22,146,37,167,105,237,99,226,54,253,101,166,120,150,39,234,108,183,28,189,88,238,114,146,46,67,113,188,57,9,121,206,26,65,116,166,38,147,126,173,62,237,65,222,129,249,114,158,123,60,126,144,63,252,171,4,94,46,98,186,127,34,103,209,114,171,35,46,240,226,233,135,9,180,54,140,101,175,183,16,51,83,107,168,82,177,115,144,39,131,253,207,116,170,40,235,128,216,65,177,52,196,115,90,11,171,1,40,105,171,74,32,106,230,103,132,47,130,50,252,127,171,167,40,74,149,17,147,200,175,32,235,94,17,20,189,93,175,54,140,89,12,58,191,88,86,41,231,148,73,0,173,55,145,84,242,158,233,21,12,127,171,142,138,74,180,55,198,132,196,123,170,117,18,30,182,77,83,89,238,206,169,115,145,26,91,35,188,162,176,119,186,10,246,53,29,122,172,175,150,32,57,207,232,116,180,95,252,29,204,45,217,100,161,223,169,119,253,1,173,59,200,42,183,80,59,46,235,12,176,55,213,99,255,253,244,103,252,10,147,70,173,33,210,101,188,116,252,140,74,25,166,38,211,36,252,127,165,135,171,74,151,34,230,111,81,103,132,50,252,188,136,127,216,60,241,117,147,97,230,89,59,65,234,126,130,104,226,27,238,111,123,59,199,100,176,53,120,56,224,58,130,26,35,216,243,116,160,1,38,93,145,50,251,236,252,121,239,127,249,81,215,26,164,46,210,124,111,56,65,249,225,138,81,108,67,174,163,94,243,114,196,58,237,63,187,249,60,87,241,68,244,117,144,57,227,106,177,31,183,162,99,100,83,94,194,126,228,46,53,41,151,165,224,22,221,134,170,127,207,113,186,53,168,0,187,49,109,4,209,58,121,219,170,52,224,12,166,97,143,39,233,54,136,28,185,88,208,28,243,4,150,86,233,31,171,127,187,74,230,22,50,108,146,37,238,60,237,54,253,101,166,120,150,135,36,39,234,108,78,203,183,88,238,114,198,200,146,208,193,46,188,57,206,87,243,118,241,153,153,113,147,45,233,101,225,23,26,187,176,175,215,50,149,220,140,142,93,100,183,237,154,52,48,86,247,6,254,104,234,44,191,219,213,114,186,68,189,41,251,27,36,86,183,100,156,101,188,52,237,28,177,55,200,36,176,196,232,46,234,12,160,159,237,137,162,97,143,45,12,39,233,28,9,45,185,122,57,88,223,7,243,4,150,86,233,31,222,5,171,74,230,17,132,227,233,50,63,139,186,166,154,41,92,6,252,26,170,113,200,99,246,162,189,57,180,13,160,74,230,141,94,103,245,36,235,110,226,28,201,56,158,39,155,32,161,168,188,108,189,11,245,132,72,111,192,228,14,34,224,110,190,110,197,47,245,165,212,108,144,45,194,148,237,101,117,205,237,31,172,44,196,51,74,123,228,54,213,30,252,23,170,45,142,109,210,98,173,40,226,205,131,22,173,50,11,33,172,254,212,115,180,127,214,107,237,65,173,12,223,58,196,113,186,93,248,53,74,20,168,67,109,4,173,220,78,13,52,20,201,77,168,51,82,162,253,4,154,39,17,190,206,69,178,10,168,12,183,68,197,33,200,233,36,42,185,85,189,47,210,105,208,54,171,57,144,112,150,220,169,37,151,105,188,3,167,97,198,44,152,35,189,70,225,35,234,42,63,65,183,114,226,228,77,39,252,127,135,248,171,24,182,37,205,76,128,100,62,174,246,98,32,211,184,66,179,242,242,202,66,114,145,202,6,114,173,156,244,66,220,110,79,234,235,90,251,117,150,38,247,96,113,25,190,80,179,54,242,124,135,116,176,103,253,1,246,176,186,155,57,43,156,15,236,121,191,57,188,207,225,73,172,58,68,158,210,103,195,252,244,41,224,1,160,39,184,254,130,57,81,251,233,106,200,88,244,114,115,20,231,77,135,32,152,192,111,106,139,245,203,74,230,103,245,110,109,36,235,110,226,28,201,61,171,39,155,201,224,32,51,197,233,56,129,105,184,86,244,111,145,36,224,245,195,63,238,41,237,47,202,69,251,112,153,34,236,106,250,10,160,49,127,51,212,99,173,124,237,132,191,31,172,44,196,103,177,55,232,24,183,111,211,97,168,247,176,124,202,156,253,26,254,118,132,115,200,50,36,122,252,127,171,74,230,103,132,50,143,9,98,9,163,121,188,88,241,5,192,33,224,39,233,37,11,40,250,25,176,109,148,32,225,85,34,60,17,170,163,11,162,122,153,37,225,98,191,65,237,115,152,23,49,37,239,239,250,54,249,115,137,28,182,127,75,62,200,54,63,114,171,107,247,23,249,82,232,221,179,39,201,205,211,110,181,60,237,0,229,179,57,45,217,100,169,119,253,211,121,1,242,112,231,46,225,24,200,86,248,93,251,0,33,143,147,91,138,253,129,106,205,95,43,43,230,103,96,190,132,96,172,3,220,61,226,152,106,28,236,122,151,33,8,58,232,104,93,191,190,10,226,130,238,118,98,245,196,34,225,54,250,66,238,36,176,129,210,126,182,52,251,76,143,93,245,46,156,225,165,123,171,34,231,0,139,83,176,84,204,55,213,91,223,99,255,57,254,0,173,39,207,116,170,40,182,120,235,231,128,65,177,52,196,115,55,241,171,46,193,222,235,12,229,224,179,42,202,127,130,215,151,57,233,208,24,106,73,72,200,88,222,49,246,63,211,114,181,253,231,32,234,66,232,106,28,51,203,74,230,103,238,54,242,50,252,57,253,66,92,29,166,108,211,171,255,97,188,193,98,62,252,93,244,53,19,112,230,86,233,106,252,27,181,49,142,34,238,98,232,66,165,135,23,35,153,47,235,98,182,94,237,108,144,39,235,108,226,82,175,214,150,48,217,126,57,70,182,63,252,27,101,117,173,241,142,45,135,175,152,103,17,163,173,124,245,167,237,6,254,49,207,116,170,40,235,65,177,255,184,52,196,115,171,110,171,203,238,74,230,234,77,103,132,50,252,245,116,127,171,70,180,74,149,17,149,212,147,32,235,20,189,93,175,54,140,162,190,58,191,41,191,226,231,0,173,55,145,86,46,84,233,127,171,201,24,74,185,15,180,143,4,55,134,150,198,123,170,141,46,117,182,89,238,115,146,251,145,35,188,119,186,10,186,232,246,49,127,122,47,179,205,99,221,56,244,119,232,28,170,2,13,45,207,98,235,157,18,108,32,226,224,22,225,139,170,127,207,113,174,46,163,85,192,29,181,253,51,43,135,116,176,103,57,141,253,1,160,49,211,114,247,6,98,40,248,149,208,10,167,48,200,114,236,102,171,107,226,24,176,84,68,55,158,58,156,99,165,184,188,57,230,11,151,39,70,211,206,52,247,106,190,41,244,62,176,123,145,81,238,27,190,42,41,52,230,103,132,68,100,192,252,33,190,127,25,8,237,28,177,39,241,21,143,180,93,101,175,63,234,88,211,29,241,117,147,80,152,139,201,106,23,239,190,29,183,52,66,67,210,40,118,56,236,109,182,9,238,188,188,36,192,82,238,47,235,31,225,104,182,87,83,212,160,49,211,114,247,40,248,10,71,187,167,48,148,39,208,109,184,53,224,12,166,100,203,137,209,99,255,57,231,77,84,82,176,46,9,197,156,123,171,34,231,0,145,116,165,33,246,176,206,49,121,228,176,54,250,66,238,36,210,126,182,52,225,206,251,89,212,90,241,143,222,4,152,47,69,191,152,28,183,87,130,112,237,33,62,68,69,164,233,25,18,207,190,38,130,114,212,68,225,114,189,104,231,27,167,33,124,181,143,50,176,215,252,48,30,127,218,92,241,118,222,150,205,100,211,186,191,63,180,88,35,72,243,113,151,46,232,119,190,24,42,92,69,137,250,39,126,183,194,87,225,230,65,104,182,87,246,59,159,114,199,96,173,182,97,119,155,110,252,25,120,138,170,100,194,13,116,103,182,52,235,22,254,50,196,101,160,54,90,47,232,12,16,238,172,146,136,100,200,123,91,167,173,245,117,119,163,12,93,9,176,43,206,121,172,123,247,108,188,41,250,122,232,87,224,81,224,98,207,93,193,107,143,17,145,84,233,19,39,231,207,95,182,187,164,39,197,37,176,174,147,46,189,79,234,94,152,12,237,103,86,22,132,50,141,130,98,105,131,9,188,91,140,238,175,49,171,114,227,109,190,92,245,123,150,58,233,105,183,10,160,2,249,9,212,44,32,114,189,104,231,27,167,33,171,1,143,184,217,45,233,101,235,14,237,29,186,46,199,192,218,96,173,74,185,119,252,25,170,100,156,101,174,241,188,35,179,31,166,69,208,39,216,244,246,42,183,50,128,11,250,126,206,3,183,158,162,111,140,113,170,51,225,1,182,35,182,109,156,5,238,35,252,127,171,74,157,200,230,103,132,50,252,127,21,137,216,60,241,117,231,144,147,205,6,89,42,99,234,104,213,197,226,54,68,27,240,27,238,223,94,111,199,100,112,124,176,252,187,53,153,0,224,244,140,26,80,249,243,1,145,112,139,50,252,127,249,26,132,88,164,46,210,248,33,56,225,108,100,108,163,94,243,114,196,58,237,63,187,87,121,220,244,117,16,76,144,57,227,251,79,106,8,238,177,31,183,100,53,114,192,126,105,101,169,52,51,5,235,162,230,10,177,60,44,59,205,110,144,114,171,46,224,199,108,0,229,215,2,43,205,99,244,41,239,65,177,52,196,38,43,115,171,60,237,168,249,27,27,54,238,127,118,48,215,126,172,185,255,41,251,82,119,231,247,103,42,42,132,50,61,180,252,127,171,15,199,74,230,103,132,65,138,104,185,150,39,93,37,186,141,113,255,82,147,123,178,158,173,119,253,14,87,114,237,48,215,114,189,40,188,88,108,238,241,145,19,5,224,39,233,40,250,25,172,191,176,109,148,32,225,60,163,9,7,155,162,122,69,206,153,117,150,37,225,98,191,65,237,115,150,141,8,37,25,70,239,54,179,3,128,235,177,58,66,165,200,208,180,120,188,40,250,1,172,100,245,159,209,99,255,81,156,57,231,82,176,8,136,123,147,136,138,81,196,140,224,98,207,11,196,41,250,191,108,122,224,32,53,37,235,64,149,9,71,146,190,44,243,103,9,184,132,107,87,50,22,163,174,47,233,3,176,109,153,33,244,107,188,95,149,80,166,111,39,156,149,114,236,9,23,98,185,88,242,108,155,252,192,39,230,53,250,125,246,28,179,204,78,111,210,218,10,121,183,35,231,82,173,54,196,116,99,166,170,47,80,18,250,27,229,43,205,99,225,112,244,119,232,46,247,28,170,41,228,45,207,98,247,58,233,104,200,171,34,86,245,44,251,0,231,46,225,24,188,206,191,35,144,114,226,117,166,39,144,27,190,174,219,26,166,98,59,38,147,126,173,62,237,65,180,152,230,103,132,67,29,26,234,104,233,170,186,3,176,72,80,61,196,45,233,110,234,31,245,89,162,113,140,36,133,45,186,110,236,72,234,86,131,57,196,113,146,38,247,105,186,9,180,179,148,54,140,101,157,90,175,51,168,12,179,118,173,45,207,134,58,114,160,103,254,10,177,59,233,120,196,126,201,30,255,103,252,10,173,47,143,49,10,184,178,103,111,108,209,58,121,75,247,123,217,75,243,66,187,42,239,24,41,82,203,127,2,33,132,21,236,8,8,49,50,149,189,107,239,88,240,123,130,185,184,57,233,206,32,106,144,54,200,88,244,104,34,114,100,41,231,40,105,32,152,155,9,106,203,74,230,103,142,159,242,50,252,55,0,173,160,74,128,22,230,103,245,36,122,197,235,179,146,110,181,229,226,28,201,39,155,32,233,105,184,86,242,111,145,36,232,199,224,63,237,47,113,28,251,112,153,35,236,60,43,106,232,24,183,111,38,228,211,97,176,124,237,37,6,31,172,44,196,110,228,5,210,42,228,0,235,29,186,46,210,42,172,63,167,204,234,94,16,243,170,54,255,158,197,116,247,121,160,95,243,4,150,254,213,46,233,28,90,206,185,46,243,7,162,160,132,50,252,9,171,253,198,74,160,34,92,49,211,114,247,132,28,40,248,10,167,239,177,48,45,11,147,32,235,156,87,29,207,95,243,64,221,48,213,46,41,97,170,117,184,92,3,92,231,149,244,35,140,116,184,11,242,98,23,123,237,95,165,36,132,228,197,162,45,121,184,41,237,26,181,118,210,216,158,103,173,124,237,6,254,35,213,113,174,46,163,29,181,43,135,144,247,42,171,245,62,63,97,160,236,28,127,85,244,75,124,1,230,78,178,78,100,9,215,203,17,9,180,214,236,13,236,34,224,98,231,14,160,116,196,141,130,49,176,111,40,53,226,11,179,164,131,54,204,98,169,137,40,117,189,93,143,17,145,25,122,84,233,19,207,95,14,252,180,45,240,122,143,114,11,241,171,116,171,74,230,22,146,139,163,37,237,54,228,158,253,101,166,11,248,120,193,170,150,224,31,39,239,111,234,108,73,160,183,88,238,114,146,205,206,46,66,94,188,57,105,159,206,87,241,18,186,122,152,34,233,118,244,60,249,27,238,48,215,124,245,126,176,53,255,57,254,0,173,187,225,39,233,179,216,42,169,63,252,22,175,218,192,49,156,214,110,98,145,97,188,7,149,62,188,131,158,6,183,134,143,38,194,57,250,116,190,95,133,117,148,101,212,39,222,172,159,109,144,25,191,95,134,153,178,103,132,45,228,50,138,112,248,127,245,17,171,12,176,48,165,158,196,57,54,86,171,44,235,45,220,11,177,187,194,112,150,241,127,37,89,102,158,195,13,27,190,95,177,54,215,100,246,214,62,111,185,87,165,111,197,118,225,98,82,12,188,87,251,115,153,211,143,79,248,57,232,107,103,2,188,89,175,53,210,98,228,51,235,223,66,29,242,59,156,103,253,169,188,40,89,184,247,3,165,245,129,33,206,49,151,73,182,34,50,206,253,31,238,49,207,34,235,127,41,28,183,87,129,4,152,47,155,21,169,104,210,247,194,99,26,60,234,233,243,10,254,1,145,180,104,50,252,127,249,26,80,132,164,51,182,46,210,56,225,108,163,245,20,94,241,114,196,58,237,63,229,124,187,87,175,54,226,123,140,122,12,58,136,114,191,12,114,41,231,0,173,25,124,55,185,213,147,33,160,103,254,10,177,59,205,114,171,46,224,0,229,43,202,172,205,99,225,236,244,119,232,28,170,25,98,45,207,189,147,98,169,50,227,182,26,9,180,54,140,184,45,101,175,51,168,28,182,127,148,55,247,50,25,125,252,127,109,212,171,74,218,150,230,103,132,50,252,219,4,12,221,93,244,112,239,36,235,54,21,214,250,66,125,197,238,36,210,126,182,233,52,52,21,52,251,95,128,114,132,228,21,50,252,45,169,54,251,8,154,108,175,49,142,160,35,47,239,119,191,93,123,178,243,39,140,159,227,35,100,211,188,111,185,251,182,105,125,3,183,111,140,113,170,51,121,46,225,179,18,1,182,112,163,106,151,110,228,42,155,43,235,83,235,29,222,7,186,46,196,101,173,150,59,52,225,73,48,67,254,55,86,48,196,72,64,123,228,54,252,182,53,23,104,139,170,45,200,114,32,241,171,107,185,80,228,93,250,254,133,27,243,123,153,85,50,77,159,85,105,99,182,45,241,89,95,14,66,35,242,39,45,44,154,106,169,16,199,46,243,55,204,127,196,115,235,51,250,157,176,11,160,108,132,50,157,25,252,14,59,238,189,93,247,46,210,201,225,29,188,81,74,96,190,182,63,91,167,116,243,41,192,36,76,230,244,105,237,91,167,123,225,242,4,36,234,107,160,92,247,54,196,116,170,47,250,110,139,29,175,59,207,122,247,124,87,213,179,29,166,46,156,123,171,198,191,34,231,106,72,0,179,127,204,84,134,3,247,29,17,59,169,48,219,35,252,237,190,18,254,40,176,144,204,127,150,46,187,108,182,246,95,90,230,20,242,232,17,37,122,218,238,104,192,92,241,35,211,37,238,104,201,46,217,57,243,131,131,114,47,39,211,99,175,195,139,41,152,74,161,90,244,122,199,58,191,59,182,87,187,247,241,100,20,122,153,38,247,116,191,33,203,95,241,116,205,42,181,40,95,179,246,6,172,105,154,39,211,99,183,53,205,210,168,31,183,100,59,29,194,126,228,41,183,93,232,165,133,123,153,86,159,20,237,99,182,46,241,14,242,39,181,89,154,106,171,74,230,53,212,112,181,41,161,87,245,111,64,36,144,24,151,37,233,186,224,63,61,209,163,91,126,154,166,119,153,123,173,225,135,119,163,197,93,9,176,43,206,121,172,104,184,22,168,192,254,50,196,101,144,38,160,54,235,29,183,67,220,44,133,193,206,49,182,34,134,92,253,31,238,166,217,49,173,22,207,55,44,39,141,213,235,19,236,28,183,87,129,4,181,5,152,47,36,73,155,104,194,211,105,60,117,208,243,1,168,111,145,78,122,94,152,106,251,10,167,112,103,10,200,225,180,99,189,57,160,143,103,74,230,103,245,36,235,141,61,110,226,28,120,24,201,39,239,177,155,32,188,108,189,11,245,111,214,35,192,34,224,110,190,131,135,47,208,129,245,108,144,134,184,45,237,182,63,101,225,23,176,50,140,100,51,178,183,52,247,6,254,44,213,239,170,114,64,15,186,41,251,27,180,31,177,125,35,46,216,103,71,161,177,55,253,250,115,82,172,33,140,58,152,213,247,52,239,10,86,122,173,100,218,138,202,121,150,50,212,30,147,240,170,49,202,78,188,53,115,128,220,176,141,4,147,97,143,52,184,39,233,28,185,87,243,252,66,4,150,37,76,86,100,191,233,189,247,31,171,74,200,194,230,17,132,147,166,50,186,47,234,2,242,33,143,80,100,121,29,67,161,63,188,88,91,146,241,63,86,5,224,39,233,93,36,40,122,106,250,25,176,109,148,32,225,190,158,60,163,8,15,9,162,122,153,37,225,98,191,65,251,141,237,49,227,115,188,13,152,37,239,54,244,54,199,174,179,3,210,96,177,58,200,120,188,40,134,25,250,1,155,222,172,191,47,100,209,99,255,57,54,164,231,82,176,150,153,50,201,122,239,127,228,4,171,74,230,103,242,65,132,50,252,91,193,127,165,1,171,57,144,112,227,76,150,37,158,27,190,95,177,54,215,100,246,111,147,94,185,95,18,87,27,18,165,111,199,118,225,160,251,98,188,235,49,87,251,115,143,57,93,212,232,212,213,98,188,110,44,89,175,140,107,127,57,200,205,39,237,101,161,51,225,26,209,10,217,85,177,54,207,120,255,90,37,42,132,152,250,73,18,114,160,43,156,100,183,218,22,57,124,227,253,191,214,29,166,101,17,108,211,97,188,62,252,114,71,89,183,220,230,103,132,50,252,127,171,74,230,106,94,103,247,86,196,68,235,109,188,33,240,183,241,112,88,70,205,99,168,189,244,224,157,119,196,6,232,28,200,76,170,45,207,98,233,25,190,74,225,166,230,103,150,116,214,98,190,95,106,54,44,246,253,64,244,35,140,114,237,215,54,60,89,68,234,127,168,66,244,39,232,8,149,36,247,105,190,93,128,195,244,114,207,110,176,103,146,245,224,20,162,9,180,213,6,54,12,85,140,101,175,51,168,82,50,220,161,194,17,122,195,115,189,129,154,44,103,162,187,74,79,11,139,123,244,124,148,106,130,227,247,38,166,94,30,48,27,139,216,114,60,38,176,124,234,88,162,122,145,91,82,37,255,51,234,88,139,152,172,126,197,54,196,116,239,160,155,127,216,60,241,117,147,89,176,250,234,104,234,88,172,112,150,37,158,109,67,27,190,95,177,54,226,167,215,100,246,108,234,209,194,94,165,111,148,118,235,104,182,89,81,79,243,115,143,106,10,36,181,107,234,140,149,105,186,189,14,80,33,24,172,140,226,58,210,63,220,103,244,41,224,1,186,43,6,18,156,121,70,9,173,63,237,28,182,197,225,54,211,123,160,42,230,2,176,127,201,57,180,111,197,56,249,28,244,175,145,24,139,4,149,254,121,64,144,107,205,46,153,112,192,66,190,51,188,91,245,117,151,100,68,47,236,70,101,104,200,86,248,55,251,0,56,74,231,159,131,46,225,245,76,24,188,35,144,114,6,199,226,8,170,39,144,36,41,27,242,211,190,7,237,47,145,84,233,127,171,74,180,176,203,55,198,123,170,44,140,117,180,63,185,91,45,11,199,118,238,116,149,37,187,119,186,8,245,14,201,26,162,33,121,221,147,33,177,213,225,106,186,9,131,68,180,37,169,54,140,101,77,86,175,51,168,12,120,46,179,45,40,15,207,186,69,114,160,103,93,224,254,123,61,10,177,59,210,137,196,126,37,80,255,41,158,103,11,220,252,10,173,53,18,108,143,116,170,46,131,42,225,31,236,142,254,15,200,64,189,30,247,62,181,23,184,214,230,102,134,50,177,15,169,130,207,144,8,28,254,32,98,188,146,148,72,52,247,106,190,41,21,194,244,0,89,232,145,27,103,81,200,195,238,239,243,31,190,42,82,9,230,103,132,68,252,127,239,116,249,65,160,49,213,120,133,128,235,109,188,40,229,220,130,114,90,82,145,101,173,44,253,64,162,116,150,37,244,212,194,99,183,89,162,38,109,235,153,36,234,99,231,106,160,91,247,36,136,30,214,99,244,66,212,40,248,7,85,6,229,33,209,120,183,63,247,82,179,39,179,62,211,110,188,17,238,51,168,82,177,39,207,156,135,96,235,116,233,11,186,75,217,33,195,195,200,98,161,56,182,161,190,40,220,8,168,52,195,110,142,30,236,70,212,41,148,122,200,118,234,111,51,228,183,90,242,117,147,81,224,98,207,41,250,122,224,37,149,9,190,81,136,44,243,11,224,196,10,39,242,58,244,30,131,107,115,98,235,111,203,1,177,237,122,35,216,254,147,32,21,254,235,29,170,134,207,95,243,48,213,97,170,117,165,200,187,88,251,36,140,38,184,98,182,93,251,243,182,122,181,112,144,130,33,57,247,107,185,93,245,46,156,123,171,34,231,0,166,48,213,136,29,121,99,231,182,124,209,25,254,27,224,39,229,33,200,42,170,42,230,22,233,2,176,127,212,114,189,66,249,104,231,217,51,27,227,4,167,33,143,52,214,0,247,40,65,106,190,67,55,41,244,119,182,249,145,81,13,128,238,107,190,241,177,42,230,103,132,68,99,140,252,127,237,28,0,90,177,203,161,39,143,101,165,130,175,63,234,29,241,117,100,60,147,80,152,106,190,29,183,52,210,56,236,198,179,109,182,9,238,115,192,47,50,181,225,104,168,65,182,87,242,108,143,38,238,104,184,3,254,46,72,7,211,111,193,120,176,53,250,200,235,229,131,29,41,72,183,44,206,49,200,124,169,148,184,46,168,12,128,154,170,211,43,127,168,11,210,103,177,55,184,74,230,163,51,103,132,50,30,123,252,127,171,74,230,164,29,20,242,13,22,37,238,104,201,160,191,46,117,4,243,47,184,114,148,121,211,227,33,99,175,41,98,200,161,3,208,86,240,119,169,206,194,58,191,56,188,93,242,114,144,101,186,52,250,123,209,29,160,54,155,35,188,127,169,40,250,169,219,1,172,100,206,243,166,111,170,42,163,28,173,39,98,232,211,110,25,0,188,51,168,6,180,43,195,52,194,49,228,240,201,40,235,13,170,157,204,29,226,75,150,46,186,67,120,104,191,30,148,218,149,24,230,110,244,181,105,13,190,6,243,213,22,112,199,113,235,106,172,20,239,12,106,10,173,139,159,38,198,98,250,116,190,42,82,136,230,161,139,103,132,68,252,127,249,65,237,47,145,58,171,84,233,127,171,74,180,55,198,143,19,123,170,113,59,117,182,89,238,115,147,39,188,119,186,135,102,10,253,230,246,122,150,32,55,104,232,116,21,208,180,95,252,45,217,139,149,100,169,119,253,1,173,144,28,59,200,241,85,42,183,46,235,211,227,12,176,159,101,55,213,99,250,116,172,255,190,95,246,229,133,117,148,39,159,109,191,95,134,103,132,121,102,50,141,105,188,91,184,183,175,49,103,0,171,114,227,77,47,108,187,10,244,119,218,53,192,58,236,107,239,92,161,2,185,221,143,33,112,246,239,105,194,151,182,68,22,92,175,127,205,101,198,239,161,189,20,51,225,10,177,51,67,54,201,129,207,120,183,136,255,42,250,73,160,43,237,44,156,118,173,60,237,0,239,185,229,43,214,97,186,10,134,124,26,135,229,92,9,61,171,59,229,198,247,66,203,60,143,12,252,53,194,92,162,38,195,65,125,48,189,60,156,124,234,63,47,93,36,56,244,122,149,36,250,153,75,116,172,244,190,147,101,95,145,96,133,222,9,117,4,196,226,25,7,39,159,87,83,109,185,95,134,103,132,50,138,127,171,163,188,24,237,108,204,246,251,39,154,106,177,203,171,8,233,74,230,53,212,66,122,112,181,7,45,41,161,87,245,111,144,39,233,63,163,91,166,119,254,103,153,42,78,123,173,119,230,66,165,49,200,120,141,183,183,47,188,89,242,54,186,127,209,114,188,35,179,1,176,187,218,55,213,99,255,57,204,192,254,0,173,39,136,86,207,116,45,78,170,40,212,103,250,29,237,48,185,80,215,114,189,201,161,40,245,90,232,74,252,12,172,100,206,111,170,42,180,18,163,28,173,44,13,200,194,86,119,114,250,57,48,116,249,68,190,42,230,22,21,103,132,225,73,68,252,127,237,28,48,49,177,54,211,57,214,84,171,44,235,11,177,86,116,112,150,5,116,37,158,101,18,27,163,101,190,95,58,125,177,54,88,247,215,51,139,100,246,130,218,111,172,243,185,87,223,21,165,111,144,118,225,98,188,87,31,105,251,115,193,173,143,84,23,57,232,144,61,106,88,104,188,89,175,127,205,101,161,51,225,107,32,10,177,54,207,106,205,120,224,54,255,42,250,73,160,43,156,100,183,57,253,29,166,108,211,97,188,62,169,242,252,228,50,88,230,103,215,65,132,160,163,50,252,127,61,172,171,74,230,103,247,68,170,118,235,109,188,193,43,33,240,112,205,196,136,99,88,78,244,169,231,119,232,28,170,45,207,88,233,98,233,25,190,109,97,74,230,103,214,98,190,54,253,156,188,64,251,122,241,116,30,26,140,38,235,240,140,106,188,92,235,66,247,107,75,39,148,47,238,109,191,65,249,114,158,120,229,109,161,41,254,66,176,237,68,44,207,110,176,103,224,27,129,88,166,5,90,33,210,98,231,139,173,46,168,82,69,147,177,162,5,39,207,116,22,236,170,40,235,65,177,77,34,52,141,235,196,60,87,115,171,109,171,74,230,103,112,150,132,50,252,127,171,74,52,144,149,17,147,32,235,20,189,157,92,93,187,61,175,44,222,54,140,58,214,30,191,195,56,41,231,0,173,53,34,55,145,84,233,127,171,250,220,74,180,104,3,55,198,123,170,117,202,74,185,121,51,11,238,116,149,37,81,48,187,119,186,14,162,33,144,9,72,39,232,74,117,109,7,226,186,80,99,93,172,58,210,128,218,103,109,67,244,41,238,202,224,1,186,43,156,121,96,50,173,63,213,38,237,183,138,28,182,54,211,123,160,202,49,42,230,2,176,127,214,148,15,120,247,63,109,234,252,65,198,208,229,206,160,41,249,100,163,5,232,92,150,19,143,23,233,135,226,126,143,50,190,216,119,63,229,38,197,210,178,32,184,104,185,231,37,74,230,103,132,50,200,247,252,127,171,207,49,74,138,112,230,20,242,37,238,94,153,104,192,164,183,92,241,155,221,45,205,115,169,48,88,46,227,26,217,26,243,1,145,192,179,50,252,127,249,26,164,46,210,56,37,245,225,108,104,237,163,94,67,57,243,118,196,58,64,46,237,133,170,63,122,242,187,87,14,123,244,117,144,148,47,57,227,106,177,0,187,49,209,58,170,52,224,22,170,50,118,127,207,161,88,99,96,150,188,200,28,57,253,178,62,26,183,160,163,54,135,126,181,46,163,4,241,66,165,49,200,120,183,47,185,93,16,138,133,157,203,123,153,86,159,99,24,197,182,227,226,46,89,157,241,14,242,236,3,39,145,236,154,106,199,46,71,193,243,55,196,146,33,115,143,167,235,51,250,11,160,108,147,104,132,50,68,193,252,104,203,14,189,93,247,244,220,46,210,29,188,96,232,88,247,89,49,38,144,47,244,155,243,109,189,9,162,39,225,46,236,241,237,107,160,164,114,85,240,39,244,44,216,95,107,126,228,52,232,24,183,111,211,108,49,97,176,124,237,139,200,6,254,35,213,100,228,116,227,31,136,146,171,47,209,3,29,42,141,27,80,107,178,160,254,1,224,29,81,154,160,201,68,24,145,131,127,37,150,246,138,11,251,44,174,112,210,73,71,42,172,79,159,35,179,33,153,31,166,39,216,42,183,40,78,109,171,39,135,57,254,205,144,112,225,215,150,37,151,105,147,76,188,4,172,205,160,112,150,21,134,37,150,106,158,135,26,27,190,95,177,54,40,31,215,79,243,100,246,108,234,94,165,111,148,118,236,205,235,165,172,104,182,89,243,117,148,36,232,86,29,96,74,137,186,9,180,54,140,114,243,101,175,51,168,12,237,184,179,45,207,119,168,114,160,11,122,103,254,10,177,59,196,126,255,103,252,10,186,41,173,59,206,116,75,196,255,49,207,37,137,59,214,118,177,22,55,0,154,162,235,39,168,63,174,117,211,102,255,62,189,88,219,17,162,114,147,52,234,249,247,171,125,106,147,183,190,41,244,113,145,81,238,107,190,42,230,47,9,103,132,68,252,127,247,0,160,205,121,103,132,250,123,50,242,84,141,105,188,255,143,91,175,219,246,49,171,120,235,114,227,59,15,209,186,12,162,123,145,58,233,144,202,108,183,130,36,12,178,125,161,2,146,36,235,116,182,91,165,53,213,58,217,71,171,76,221,44,231,73,160,50,206,121,188,35,131,235,179,171,210,31,205,29,166,48,216,114,176,73,241,124,179,175,52,73,170,50,213,125,14,118,244,41,246,29,179,127,199,47,92,15,157,21,219,0,168,29,205,69,143,51,162,189,200,43,176,127,147,178,132,34,225,62,235,87,230,103,132,99,66,50,252,127,171,134,179,74,230,103,198,73,247,68,235,109,188,33,240,183,108,112,209,221,182,99,173,156,184,119,253,4,108,23,209,169,177,112,244,155,150,37,158,27,190,175,64,95,177,108,198,54,230,136,215,100,246,3,149,111,185,87,165,111,197,126,145,118,225,98,188,140,111,87,251,123,1,169,147,57,234,108,187,95,165,53,17,143,213,89,0,58,171,44,100,218,231,73,160,50,193,11,206,121,188,35,153,61,179,31,32,177,166,48,216,220,0,123,69,196,191,57,225,73,170,46,213,208,11,58,170,59,160,29,71,189,181,39,197,101,225,62,49,127,171,27,85,74,230,103,132,50,252,6,201,127,171,78,216,57,144,112,110,190,150,8,144,37,119,108,151,105,188,99,42,3,183,111,162,123,210,118,247,198,180,40,248,43,9,10,203,30,167,48,147,32,102,108,235,29,207,95,109,134,243,48,213,102,115,97,24,30,170,214,158,117,190,36,93,12,162,33,102,68,140,213,148,39,184,99,232,186,155,91,160,201,103,113,152,38,247,116,85,12,185,91,252,189,137,45,217,85,186,100,169,119,158,85,253,1,93,219,173,153,7,59,200,42,183,46,235,18,30,12,176,55,213,101,181,35,154,77,254,7,174,49,156,118,189,42,7,205,235,129,22,12,229,134,43,41,240,46,173,109,201,9,134,121,115,40,239,91,168,108,215,7,207,41,229,29,185,38,245,26,153,52,148,117,238,104,101,31,188,41,250,235,203,122,224,81,224,98,29,73,207,93,174,174,143,17,145,84,233,19,49,239,207,95,162,38,202,135,209,114,199,253,186,127,171,74,151,113,116,96,147,35,181,41,54,53,132,10,236,180,249,118,152,103,114,47,30,85,238,84,224,108,238,191,183,66,97,175,165,140,212,114,209,209,195,33,55,101,234,26,110,134,185,106,217,89,241,108,147,35,230,204,71,53,181,74,246,28,40,90,179,41,197,111,35,109,210,121,45,184,183,79,244,35,231,111,224,82,173,62,6,54,98,180,196,116,170,235,119,47,250,29,175,59,209,127,180,41,181,139,179,7,229,149,237,188,52,47,200,34,195,96,112,89,170,8,200,91,106,145,148,17,146,11,144,178,213,84,211,143,152,0,47,107,188,14,150,37,200,37,237,108,185,89,251,113,147,81,61,40,224,98,207,30,168,41,250,122,224,37,149,160,124,9,190,44,222,14,243,119,240,11,224,39,177,116,227,95,128,114,132,25,57,50,252,85,177,45,251,8,175,49,142,47,162,141,239,119,41,93,191,95,243,39,140,35,188,111,182,95,240,122,30,22,147,37,239,54,157,132,179,3,177,106,103,58,200,120,104,136,188,254,205,40,250,137,170,1,172,156,176,100,209,99,255,57,231,176,228,82,176,1,243,50,230,116,201,237,214,122,170,188,73,103,104,81,251,10,177,188,180,49,140,113,170,51,225,19,243,1,182,118,147,81,224,98,148,255,204,41,255,124,250,122,227,37,149,9,190,44,243,11,224,39,172,224,191,63,252,28,238,88,224,36,88,227,210,126,124,31,182,52,251,192,210,95,128,114,132,123,62,50,252,78,10,45,251,8,175,49,142,47,26,107,239,119,191,95,243,39,140,35,188,111,211,111,182,180,27,3,183,157,204,111,210,118,32,10,247,40,248,10,167,48,171,175,148,39,173,63,237,28,182,54,217,203,213,56,46,49,186,42,157,16,225,1,82,155,166,46,156,123,171,34,231,0,170,39,211,94,92,38,236,104,204,83,200,86,251,44,253,0,231,46,225,24,188,35,67,90,144,114,226,65,253,39,215,135,144,249,154,27,190,26,166,48,224,237,210,58,191,250,245,41,231,11,36,0,173,55,145,84,233,127,171,74,180,139,141,55,198,241,200,123,170,117,182,89,156,110,238,115,145,39,188,119,38,62,186,10,246,250,63,122,143,47,240,166,238,110,182,78,187,95,16,21,165,53,35,9,213,58,255,215,171,44,231,73,160,50,206,77,184,121,188,220,195,35,179,31,166,51,239,48,216,156,72,123,191,80,147,57,206,253,225,73,170,46,213,58,170,59,160,29,181,39,197,101,225,127,171,74,230,33,10,103,132,50,252,127,93,185,171,104,248,57,229,148,144,188,84,112,150,36,90,37,151,105,188,3,183,111,210,118,95,35,247,40,87,170,248,10,167,48,147,32,163,102,235,29,90,98,207,95,243,48,213,97,170,205,178,117,27,49,187,48,80,88,82,241,251,36,70,250,140,46,184,19,119,98,182,48,10,93,200,90,251,122,194,100,171,46,188,113,252,65,177,52,161,72,196,176,66,115,171,56,64,111,99,80,190,14,193,175,172,4,49,44,194,160,136,114,118,24,255,42,65,33,250,73,160,43,156,240,252,100,130,247,181,103,173,70,226,29,121,67,187,43,206,252,51,113,197,84,186,53,168,6,175,54,64,40,140,70,197,127,244,60,208,247,253,6,172,44,212,32,235,22,221,95,128,114,75,73,232,86,233,47,235,0,166,115,200,99,189,57,160,74,223,239,230,103,245,36,235,111,118,110,208,234,226,157,221,28,201,39,155,49,3,32,233,11,112,105,184,86,244,111,145,36,224,63,237,47,237,108,15,248,152,108,144,46,77,121,236,106,232,24,183,111,211,97,176,124,237,31,172,44,202,141,196,110,228,141,242,42,235,29,186,46,210,42,172,63,252,2,199,28,238,235,209,36,210,110,179,126,182,52,251,87,241,4,136,194,152,230,168,47,155,28,183,87,148,120,129,112,58,191,237,68,233,35,83,25,2,80,190,38,148,95,130,114,144,135,212,114,171,41,163,108,131,9,176,43,206,9,129,121,172,82,63,106,221,225,205,107,52,95,123,222,230,230,189,103,14,252,132,60,75,96,172,61,226,28,236,167,143,122,151,22,88,58,253,22,232,106,190,10,238,171,144,118,196,190,138,34,225,104,190,50,20,93,237,67,198,115,225,85,147,239,157,33,181,10,126,103,226,29,187,43,206,200,100,114,217,8,171,46,224,247,131,0,148,198,229,50,213,49,186,51,179,28,221,26,179,112,240,42,204,100,228,47,235,166,84,29,176,111,199,100,224,138,176,53,224,26,250,112,118,229,231,241,230,46,225,24,200,86,154,52,251,0,134,188,147,25,246,91,138,106,205,19,190,95,138,3,145,98,188,205,203,40,253,66,165,49,200,120,80,39,183,47,190,44,243,138,7,103,171,24,132,50,174,47,233,3,176,109,153,33,86,181,244,107,89,157,190,95,90,40,166,111,149,114,236,132,225,98,187,94,118,7,242,108,151,37,239,54,179,44,120,3,177,58,200,120,188,39,249,40,169,49,250,1,172,100,253,242,209,99,205,138,255,240,71,57,231,82,176,44,218,94,194,3,166,100,171,47,231,61,11,94,170,54,197,226,78,116,247,121,160,95,250,183,243,190,110,4,89,57,150,32,233,28,185,46,243,225,135,7,132,50,173,149,252,9,171,74,160,49,211,98,176,107,88,103,231,3,249,27,167,33,162,33,143,50,252,238,45,127,218,213,111,92,241,118,172,33,205,100,211,245,223,63,83,144,180,88,243,113,15,68,151,162,247,46,238,119,190,92,249,71,250,3,192,39,117,67,194,87,225,167,54,104,182,94,249,69,73,114,55,239,158,120,161,41,254,66,229,232,176,44,207,110,249,181,176,103,224,27,27,81,166,33,210,98,205,88,173,46,168,145,169,6,175,93,110,54,140,48,133,58,173,190,191,104,201,41,39,23,231,6,199,0,173,55,144,37,159,30,205,99,182,45,133,123,153,85,235,22,221,95,128,114,104,14,232,86,233,47,235,11,242,187,101,43,213,53,58,115,186,116,171,74,230,149,195,22,209,57,146,39,0,37,237,173,208,54,253,188,27,101,166,120,150,39,234,108,13,130,183,235,148,88,238,114,146,46,188,57,37,139,206,57,16,65,245,118,167,88,147,221,0,34,233,11,61,60,177,223,249,72,153,27,238,48,215,126,168,47,255,57,50,33,254,0,173,205,137,39,216,8,186,42,169,63,145,81,252,22,220,221,175,123,132,50,252,173,201,127,171,74,34,19,230,103,132,50,143,9,188,88,241,5,224,39,233,40,250,25,176,109,2,151,148,215,111,32,190,144,225,60,163,11,153,36,162,78,176,122,153,37,225,109,184,98,183,93,237,108,152,222,139,37,108,109,239,54,7,47,179,194,216,3,177,58,200,120,188,40,250,1,172,100,226,143,209,99,255,57,61,9,231,206,96,82,242,112,176,50,201,96,147,122,224,127,68,64,171,74,170,232,230,103,48,93,132,64,182,50,252,103,152,127,171,57,144,112,103,187,150,37,158,27,232,254,190,95,177,144,26,54,242,0,215,100,55,153,246,111,185,187,232,87,165,151,106,111,197,118,225,98,188,87,251,122,155,67,147,57,224,168,139,96,190,80,232,170,172,58,210,103,244,41,224,99,192,1,186,43,156,121,173,63,237,28,113,235,182,54,213,64,46,49,176,54,250,66,176,24,109,35,143,101,175,63,234,29,117,154,250,135,193,103,132,50,252,127,171,74,230,103,208,62,132,149,18,65,138,104,171,255,185,93,141,17,249,113,147,199,61,123,173,119,253,137,211,14,237,48,43,252,215,114,189,40,188,88,241,122,201,5,224,182,252,39,59,42,233,235,18,40,250,217,140,25,176,109,176,124,148,32,225,60,163,94,192,91,162,122,172,118,153,61,191,37,199,187,225,3,3,98,191,65,237,43,121,115,152,70,245,37,239,54,179,250,129,3,177,58,200,120,188,40,250,1,172,100,120,169,209,230,252,99,255,175,73,57,231,82,176,5,37,44,194,100,171,115,12,63,160,29,175,196,181,39,197,121,134,101,224,127,171,157,12,74,230,103,132,50,252,127,192,44,171,57,144,112,126,67,150,37,151,105,188,3,103,8,183,111,239,198,140,127,102,113,170,51,225,1,2,19,182,114,226,39,252,127,111,143,171,226,79,24,182,37,205,100,190,164,246,98,184,66,242,114,145,20,58,114,244,110,235,90,251,130,148,112,145,37,240,107,247,111,120,70,190,9,180,54,151,89,140,101,153,101,175,51,168,105,38,12,95,226,179,210,45,45,207,113,230,114,160,118,64,103,254,10,177,59,205,113,186,243,23,53,168,6,48,157,175,54,140,100,184,116,112,56,252,25,201,48,166,194,218,38,211,46,252,127,9,27,171,165,116,74,230,206,97,103,132,50,252,127,216,60,241,44,135,117,147,89,234,104,226,27,238,49,101,3,192,57,171,44,235,161,29,11,177,112,150,37,45,64,158,27,207,48,190,95,177,54,215,100,246,208,126,111,252,166,185,87,116,118,165,34,108,111,197,118,225,98,188,87,122,227,251,33,210,86,122,101,172,143,102,51,81,128,191,6,177,150,183,40,110,38,246,170,194,57,239,58,227,106,177,31,183,82,163,100,194,126,228,41,174,5,224,22,170,127,207,113,174,92,231,46,254,246,163,29,181,43,136,97,135,42,171,63,203,140,185,48,1,93,133,44,140,123,153,85,221,181,159,99,182,115,161,45,2,200,241,14,242,187,76,39,154,106,199,46,243,55,196,111,39,101,20,187,170,27,214,119,232,49,25,28,206,169,170,45,207,98,233,25,183,73,190,74,230,103,214,98,144,166,190,54,253,64,251,116,140,246,122,38,233,62,171,106,235,63,20,66,247,28,239,39,162,176,148,47,247,98,185,91,246,114,255,131,199,52,168,96,173,119,33,200,252,25,170,100,194,103,182,52,235,22,74,247,254,50,196,55,164,101,54,91,160,54,93,250,253,132,60,82,182,39,211,100,244,60,253,6,213,187,172,44,212,47,235,28,183,87,129,4,152,47,155,104,223,11,194,60,243,1,145,94,23,68,152,191,149,106,173,102,251,10,177,43,171,49,140,113,170,51,225,1,182,114,226,39,252,127,171,24,182,37,205,255,125,100,246,98,184,66,242,88,106,114,145,114,17,183,244,110,86,171,235,65,154,90,251,114,146,47,235,70,238,96,150,248,190,80,142,80,179,54,135,116,176,103,253,234,2,1,186,38,8,43,46,191,156,121,191,57,225,73,172,58,210,103,2,136,244,41,224,1,97,29,160,39,130,57,233,106,200,88,81,15,244,114,231,32,152,106,203,74,86,25,230,122,218,103,245,36,235,110,226,28,10,121,201,56,71,39,64,217,155,32,141,145,233,28,90,105,224,178,184,13,139,86,165,111,145,36,38,180,224,63,237,47,237,122,147,37,227,106,177,131,192,12,170,127,210,121,160,51,179,1,170,39,211,38,83,27,188,54,152,63,247,82,179,42,225,254,204,60,250,99,188,57,216,98,239,0,32,184,173,33,196,49,142,175,182,34,253,31,74,80,238,245,218,49,207,214,95,39,252,127,171,74,230,103,132,202,213,50,55,233,252,127,216,60,241,60,95,117,70,74,147,80,152,106,190,29,183,52,210,191,54,56,104,251,236,109,182,9,238,38,64,115,192,47,225,20,198,104,167,34,182,87,242,108,140,93,143,38,233,104,179,241,184,3,254,46,211,111,176,53,177,69,235,80,185,29,183,15,43,44,206,36,141,49,169,46,44,198,168,12,217,189,170,127,46,89,210,39,139,236,252,127,171,74,230,103,255,55,132,50,252,127,229,154,216,111,28,60,178,60,241,117,147,80,152,106,190,29,183,164,109,52,210,56,236,110,190,14,238,0,152,115,250,8,153,105,197,39,232,108,235,202,123,13,219,36,242,31,185,108,96,0,143,33,237,93,41,111,188,10,96,246,177,59,196,126,255,57,254,0,173,68,167,39,195,71,158,235,246,0,231,85,62,88,211,17,165,6,232,77,160,236,168,24,162,99,250,89,139,181,178,141,246,11,75,245,196,225,243,114,160,194,151,103,224,9,160,163,70,45,92,29,135,111,235,194,10,111,72,240,188,90,241,119,147,150,57,34,235,44,60,111,121,59,188,142,104,90,229,50,132,10,213,49,176,37,99,45,227,4,55,90,182,43,152,46,11,251,191,63,173,254,191,94,237,114,228,50,252,127,221,74,230,53,143,168,26,97,242,17,171,104,185,93,132,3,145,18,230,39,171,128,26,46,248,28,79,76,236,112,19,240,199,32,184,119,191,87,241,98,172,122,194,191,131,34,184,107,160,97,92,65,93,104,244,119,149,113,232,178,174,46,157,152,163,29,181,43,15,45,135,116,128,237,169,53,224,10,186,127,209,114,246,62,171,35,235,6,229,214,39,127,211,114,168,40,183,61,235,22,160,55,194,18,249,49,178,0,217,44,141,27,86,48,238,126,189,0,230,54,88,141,138,18,217,19,238,49,229,125,189,240,131,108,22,79,182,87,65,129,243,103,132,50,252,127,171,74,230,103,132,65,138,104,72,140,185,93,141,4,245,113,147,68,237,118,195,246,174,126,63,116,226,226,231,11,172,112,246,163,150,37,158,27,190,95,177,54,215,100,134,61,246,111,80,220,185,235,178,87,165,111,152,118,209,168,225,98,185,26,188,87,251,33,210,38,189,101,152,131,173,40,156,31,160,29,181,39,197,101,236,93,11,106,52,50,250,10,160,49,212,99,173,124,189,57,237,31,172,10,69,44,196,114,146,121,228,27,186,41,252,27,177,138,72,108,211,97,188,62,5,212,252,9,160,45,135,120,161,41,254,66,176,44,207,116,188,121,186,93,143,207,165,17,145,239,97,84,164,255,233,19,207,95,182,39,206,171,214,114,232,200,32,51,250,11,160,108,12,44,132,50,225,69,252,14,189,93,154,142,247,46,210,29,229,150,188,96,61,27,185,95,240,116,17,20,152,47,244,106,83,70,189,86,128,36,166,96,132,33,225,149,123,98,188,53,235,156,165,94,39,211,170,140,67,54,197,116,247,96,215,168,190,80,175,11,196,77,17,101,232,35,179,74,94,31,27,60,166,7,10,48,216,172,159,123,188,40,250,1,70,105,172,100,206,111,170,42,163,203,234,28,173,44,194,100,171,46,252,65,177,52,196,115,171,107,160,95,134,103,132,204,163,50,145,238,138,127,171,12,176,48,213,101,219,183,247,40,110,121,248,140,113,10,130,127,167,48,147,32,1,82,235,245,127,29,13,255,207,95,243,48,213,97,11,142,170,109,61,117,187,88,146,164,251,36,140,96,106,115,184,98,182,93,251,122,102,33,152,37,83,207,247,116,183,107,205,93,80,238,245,46,156,189,110,123,53,188,171,34,231,0,42,187,166,48,213,121,182,124,254,27,229,33,200,42,170,52,237,132,89,28,177,55,13,96,200,38,176,188,230,46,234,36,22,12,167,33,237,2,180,97,151,209,214,37,159,7,2,99,182,154,27,45,169,139,133,42,230,123,153,85,235,22,221,13,183,95,128,114,232,146,182,86,233,47,235,29,176,111,199,157,15,100,176,53,224,26,243,1,145,50,252,127,249,162,199,26,164,46,173,91,210,100,133,56,100,123,225,108,163,94,243,114,196,58,237,63,187,137,20,87,241,114,144,57,169,229,236,106,232,24,183,184,153,111,211,97,105,52,176,187,46,124,59,37,237,30,190,31,246,247,172,117,140,44,196,110,228,249,254,42,235,29,186,46,123,28,210,42,172,114,43,63,252,28,238,205,48,36,210,127,199,126,182,52,52,54,251,179,157,95,6,153,230,103,186,59,132,155,65,50,252,141,179,127,171,252,213,74,230,16,247,103,247,68,235,109,188,33,240,112,205,245,80,99,244,41,107,193,239,65,177,10,22,52,196,182,210,115,91,156,171,100,146,104,80,31,185,93,132,3,133,254,145,39,171,46,248,171,21,28,236,119,150,47,191,131,145,119,234,14,251,116,147,122,147,47,225,98,188,65,248,35,242,145,183,117,150,68,148,39,191,45,250,15,65,66,177,52,200,49,111,209,186,149,120,42,225,1,127,35,166,59,9,92,156,103,243,86,188,40,179,37,247,198,41,3,165,33,182,27,206,45,235,49,95,5,176,54,250,255,74,66,176,35,230,126,143,101,175,63,230,175,234,29,242,108,145,39,159,109,185,213,112,95,21,96,133,117,224,39,156,195,72,127,65,241,171,74,76,137,144,103,132,99,114,116,170,40,0,24,251,6,242,43,208,161,213,81,251,115,186,224,201,116,171,74,230,22,146,37,50,135,237,242,192,54,121,127,253,201,201,101,166,120,150,198,210,39,240,118,234,108,212,76,183,88,238,114,146,46,188,161,220,57,206,76,209,65,241,118,144,45,117,26,233,101,225,23,176,38,249,50,101,22,140,100,183,52,247,6,254,14,84,44,197,164,213,96,209,114,186,253,4,41,251,102,101,27,183,100,134,140,200,123,253,214,173,119,253,50,36,14,237,100,173,48,215,114,189,40,191,82,129,65,243,114,231,32,238,106,17,12,200,88,130,69,30,114,99,216,228,50,252,127,221,167,198,74,194,110,230,240,15,33,210,101,19,25,172,51,191,6,103,212,183,38,223,198,194,57,252,19,77,127,171,145,59,59,48,44,240,112,129,161,149,123,170,58,160,80,214,56,235,85,245,160,188,112,146,115,235,59,163,40,136,87,250,117,148,115,10,222,153,99,127,1,186,94,237,200,158,120,146,136,171,110,228,42,235,148,241,29,186,39,139,162,200,49,25,244,186,42,246,13,225,1,166,60,46,46,156,123,40,133,171,34,231,0,165,233,231,33,152,160,206,51,139,49,115,180,178,104,98,70,201,94,252,58,84,5,173,16,124,26,200,83,150,11,250,38,156,116,205,67,31,49,117,54,176,49,225,234,40,94,252,156,237,114,145,81,137,15,238,109,90,196,190,195,54,41,197,194,244,3,253,118,145,82,7,56,252,81,120,127,171,60,230,103,72,48,215,153,239,116,252,127,171,59,240,112,149,123,154,130,170,199,101,80,235,85,98,52,244,114,243,113,146,33,224,109,163,95,76,80,240,182,205,123,229,196,196,116,153,116,188,86,240,112,120,242,151,123,25,160,228,54,220,205,252,23,170,45,196,101,173,52,225,160,51,73,250,124,179,92,51,54,135,116,176,209,110,103,201,209,253,31,94,136,171,169,0,47,210,42,172,17,154,63,252,28,238,36,78,92,210,121,31,126,150,28,182,52,251,94,38,20,230,103,142,70,132,87,129,50,252,127,171,74,150,15,230,103,93,30,247,68,90,68,235,151,95,109,183,166,188,33,240,112,205,99,194,120,244,152,226,41,127,190,239,65,177,52,18,86,196,115,171,104,185,93,98,90,132,3,145,39,171,46,156,231,248,133,159,28,236,252,84,119,20,26,150,47,191,147,249,119,234,14,251,122,147,47,225,205,97,98,35,53,183,94,237,118,166,114,147,21,49,33,181,45,7,66,253,26,10,229,254,43,196,101,232,42,102,35,166,101,179,31,166,48,36,16,216,13,92,123,9,232,191,57,47,35,225,28,25,73,172,58,210,190,245,103,203,252,244,41,224,213,196,94,60,197,230,103,109,50,132,50,89,97,252,127,60,74,171,74,230,103,5,9,247,68,235,109,188,40,130,212,93,114,253,238,145,101,173,31,240,44,147,221,253,228,30,64,65,107,246,89,249,117,153,243,133,113,244,107,177,6,239,60,80,87,137,114,251,112,153,47,232,205,146,116,21,2,160,98,11,94,240,119,87,175,145,134,254,113,174,46,197,188,163,153,1,29,181,94,211,43,60,114,135,116,83,233,169,53,74,101,224,10,20,195,186,127,209,253,163,114,56,129,171,1,113,35,231,35,226,9,160,139,114,45,135,110,65,126,181,9,6,46,163,66,165,49,200,120,183,47,233,235,191,74,116,253,230,103,132,55,233,50,0,81,252,127,171,74,230,151,173,20,242,37,238,104,192,92,241,46,79,246,213,169,204,58,244,251,213,60,253,6,172,10,87,44,212,39,150,235,154,101,200,106,171,65,15,74,230,157,65,53,137,169,212,112,181,150,251,41,161,87,44,71,245,111,144,39,225,35,234,63,47,195,163,214,21,91,166,180,155,119,153,123,173,119,230,66,165,49,52,111,200,120,19,238,183,47,188,89,186,127,209,114,188,35,179,1,176,55,213,238,74,99,255,206,24,57,254,0,173,126,63,39,177,119,209,51,2,127,122,236,180,220,174,60,207,234,249,27,238,48,215,126,255,30,234,41,251,82,247,246,242,51,166,108,208,8,145,82,252,127,171,60,230,139,111,103,245,43,194,80,21,100,171,104,111,46,252,65,145,181,177,52,196,90,230,115,171,95,236,104,185,93,132,3,145,39,171,88,107,46,207,75,253,208,217,64,241,49,135,27,201,86,142,0,249,23,242,70,151,12,147,127,79,236,140,251,156,62,228,67,51,33,139,35,215,111,232,116,171,31,160,76,221,65,139,239,249,123,130,34,235,106,105,9,190,44,243,103,132,229,93,50,174,47,233,37,211,3,176,191,206,109,153,33,244,107,191,95,104,113,166,111,154,227,149,255,80,114,236,98,226,188,124,27,238,48,196,57,28,127,171,44,235,44,136,11,177,119,145,100,172,46,250,73,160,50,206,121,188,52,237,10,229,35,215,71,211,103,255,103,155,41,252,162,223,10,186,226,113,127,228,174,209,88,14,123,54,55,174,41,251,82,165,53,108,148,213,175,5,58,171,44,231,76,245,112,148,169,231,46,225,24,91,140,200,86,251,127,108,0,147,91,37,220,138,106,35,77,205,95,138,67,4,3,145,98,188,63,225,66,165,49,200,120,183,47,190,44,243,103,132,133,247,50,174,47,233,3,176,109,211,133,153,21,0,33,244,107,4,200,190,95,166,111,149,114,95,13,236,124,119,98,226,27,158,174,238,230,189,49,63,205,192,101,12,57,171,44,235,11,177,119,145,99,170,124,188,121,11,57,230,11,151,39,206,62,158,49,26,71,186,5,158,51,179,95,195,28,173,151,90,59,200,42,183,41,130,35,179,26,166,191,137,48,144,129,210,58,191,110,177,41,148,18,231,0,173,55,209,127,180,60,249,27,207,110,238,48,215,126,255,41,251,82,242,108,145,39,174,246,159,109,108,86,185,95,133,117,224,39,156,127,145,13,171,74,144,5,124,103,209,110,132,116,109,102,170,40,251,6,242,43,38,226,213,115,186,35,97,116,171,74,230,22,146,37,115,157,237,54,253,154,2,101,166,120,150,244,23,39,234,20,57,108,183,88,238,240,37,114,146,46,188,68,204,57,206,87,241,41,105,122,153,34,233,60,249,162,163,27,238,48,215,126,9,68,255,57,157,91,254,0,173,21,253,39,216,42,18,85,169,10,138,63,116,216,252,22,63,252,175,148,217,36,235,94,194,222,50,120,52,155,250,98,188,41,56,58,250,208,13,122,227,81,224,98,204,93,38,105,143,164,80,17,145,84,233,217,53,127,91,38,171,74,180,55,27,52,198,123,170,117,185,11,171,248,238,118,149,39,39,109,191,119,183,169,234,250,180,93,112,197,243,36,148,38,83,219,247,231,194,108,189,91,252,33,166,203,209,120,183,72,176,63,247,82,23,18,179,39,89,61,211,63,28,110,188,51,156,231,168,82,150,119,177,39,207,96,247,147,105,63,0,151,224,12,229,41,147,83,154,26,250,10,214,5,164,74,200,0,202,132,191,110,238,25,29,2,251,1,229,38,195,181,95,34,224,106,91,236,232,217,172,76,250,112,231,46,225,150,77,27,200,86,251,81,111,3,147,91,138,106,205,95,138,205,223,3,145,96,176,63,33,26,160,2,0,143,243,29,227,1,145,90,81,50,252,127,249,26,164,46,210,252,23,56,1,254,238,62,163,89,247,112,103,6,195,58,237,23,252,59,147,147,239,12,247,46,209,113,147,57,232,110,232,24,209,75,183,111,211,97,176,124,55,115,237,31,172,144,93,44,196,125,87,110,228,11,216,42,235,29,208,177,186,39,200,49,228,40,235,1,173,210,167,44,192,100,139,153,186,47,248,31,120,164,254,1,241,95,235,175,172,44,201,193,122,11,136,168,90,3,211,64,150,3,224,84,22,28,254,32,132,240,151,114,224,104,82,205,171,74,168,81,230,236,37,103,132,50,252,127,207,155,171,28,154,74,149,17,147,32,235,20,189,239,11,93,172,46,197,195,31,103,173,197,246,55,251,194,117,95,128,114,132,50,252,45,26,253,251,8,175,49,142,47,7,168,239,255,86,119,184,147,191,95,243,10,173,39,140,35,188,19,70,111,182,91,245,118,144,5,161,45,233,101,225,23,176,50,140,224,44,100,230,104,183,107,9,52,247,6,192,249,254,121,89,44,213,114,186,33,170,41,251,27,183,100,156,52,28,101,193,254,188,52,237,28,177,55,200,36,213,255,176,46,234,12,237,97,106,91,144,37,159,99,182,45,208,132,133,45,115,123,153,21,137,85,235,22,221,95,128,114,232,86,233,47,235,29,176,111,199,100,176,28,254,53,224,26,243,1,145,247,185,50,252,127,249,26,99,190,164,46,0,82,210,56,233,220,29,59,113,18,163,14,247,247,23,39,194,58,234,105,248,218,236,13,245,118,150,164,49,37,103,201,232,107,235,29,183,44,206,49,169,154,166,46,168,120,162,12,180,211,170,127,209,237,192,99,191,57,225,73,170,149,39,41,212,117,236,208,38,45,253,58,171,157,68,51,198,55,173,58,129,51,174,224,201,37,145,32,234,132,198,126,191,107,112,22,182,87,240,49,254,121,156,38,189,254,247,41,105,106,196,144,190,252,252,41,220,168,244,113,145,81,94,118,238,107,190,42,230,104,91,103,132,68,252,127,248,29,199,22,241,117,89,191,147,224,226,80,152,106,190,29,183,52,210,218,205,56,135,237,236,109,182,9,238,38,89,9,192,47,225,104,182,87,130,108,160,49,211,120,176,98,176,105,12,173,231,27,211,149,167,33,143,45,233,131,109,101,226,38,166,48,246,23,144,110,228,42,235,29,186,46,199,214,72,96,79,186,173,119,252,15,214,25,170,100,245,241,156,101,188,52,237,28,177,211,9,55,200,36,75,112,176,255,152,46,234,176,2,12,193,117,237,97,11,81,146,37,189,15,159,99,182,45,29,194,133,123,206,33,153,30,32,85,112,163,235,22,221,95,128,175,110,114,232,86,95,93,233,47,235,29,176,111,199,100,228,80,176,166,78,53,224,26,243,197,67,1,14,173,145,50,24,116,252,127,249,203,97,26,164,46,210,240,180,56,225,86,157,108,163,94,243,114,101,11,196,58,137,126,237,63,187,87,242,114,144,37,227,106,177,76,135,0,187,49,209,58,170,52,224,22,170,127,207,75,253,99,188,57,253,143,168,26,183,54,80,107,135,42,171,63,224,12,176,251,172,48,212,23,3,126,232,111,66,51,250,11,160,108,130,201,226,35,235,28,183,87,129,4,149,11,152,47,155,139,5,104,194,60,243,11,50,1,145,94,97,145,152,106,49,42,251,104,9,10,177,41,37,49,140,113,170,152,222,51,225,103,204,1,182,35,231,114,245,189,226,39,252,239,148,127,171,38,197,24,25,53,182,37,79,30,205,100,161,100,246,218,173,98,184,193,22,66,242,130,49,114,145,114,244,81,47,110,126,165,235,103,226,90,181,23,251,114,149,210,118,38,247,104,168,88,188,155,156,89,175,127,104,139,205,198,50,101,161,51,215,179,225,10,177,54,207,120,0,229,255,42,250,73,160,12,159,43,156,100,229,15,183,57,253,171,107,29,186,100,182,55,130,43,171,79,144,58,210,126,173,230,183,62,110,66,237,65,167,202,224,119,147,81,94,167,224,211,49,98,204,41,250,122,227,228,215,37,69,146,149,24,117,9,190,44,243,11,224,39,172,63,252,28,31,34,238,19,171,36,210,126,182,200,182,38,49,52,158,39,251,95,23,233,128,114,132,50,40,208,252,45,200,165,251,8,175,49,142,142,170,47,239,119,191,46,190,95,243,39,140,48,44,35,166,117,188,208,61,111,69,95,182,3,183,111,124,252,210,118,247,40,145,251,248,10,167,48,148,39,155,219,255,57,231,82,176,46,156,127,57,123,171,34,231,0,165,48,25,33,206,149,60,49,96,133,176,138,182,54,253,37,250,66,176,35,235,146,143,101,210,17,175,63,234,92,233,29,86,222,183,39,194,127,189,14,106,119,235,0,169,94,229,49,199,188,194,100,187,98,171,46,170,47,231,29,78,94,170,54,20,243,197,116,79,46,247,24,75,124,250,64,241,159,55,103,132,50,127,212,252,127,171,189,5,74,230,162,197,103,3,207,132,65,138,104,185,93,42,115,141,113,205,159,147,123,173,119,133,245,253,14,237,48,215,114,189,192,239,40,188,88,241,5,224,39,233,178,84,40,250,166,193,25,13,229,176,109,148,32,136,65,225,60,163,212,162,11,162,129,8,122,153,45,232,37,225,98,188,65,140,216,237,16,228,112,155,39,230,138,111,42,250,2,90,73,160,43,156,100,183,35,36,9,231,82,173,36,143,36,194,120,255,53,204,62,246,194,217,28,179,111,239,69,210,121,183,57,235,10,210,76,244,112,231,46,160,108,225,149,111,24,200,86,108,81,251,0,17,82,147,91,224,158,138,106,205,95,230,103,132,96,172,61,226,192,134,28,236,117,197,58,237,110,190,9,238,38,147,39,191,111,84,228,188,65,251,114,153,36,183,35,31,123,231,82,173,54,196,85,97,116,170,47,250,31,241,29,175,59,209,70,30,127,180,41,179,40,37,24,116,202,170,39,143,122,162,248,187,45,8,28,197,167,157,90,183,45,196,164,94,82,122,49,161,107,27,66,235,26,136,36,198,86,176,108,242,100,182,88,240,118,146,37,252,251,108,127,171,74,230,103,132,50,152,10,252,1,56,127,216,179,106,60,241,247,143,117,50,150,147,1,35,89,8,197,234,205,34,104,249,28,11,210,174,49,206,37,146,62,238,104,201,203,140,46,243,114,211,112,106,99,170,117,188,54,171,28,36,3,246,77,174,82,149,34,103,139,218,33,240,110,225,33,27,204,246,90,180,15,24,55,218,53,183,8,200,232,108,88,37,116,237,31,244,54,254,113,161,232,194,39,237,46,237,10,166,149,143,108,249,148,204,39,211,217,224,104,171,74,217,58,230,58,188,103,163,56,132,50,252,127,171,74,108,221,144,23,97,112,150,37,174,84,151,105,188,92,84,124,160,114,149,251,233,99,204,137,186,63,235,65,174,114,226,200,166,39,252,127,171,225,225,24,182,37,205,100,13,199,246,98,211,250,184,66,161,24,242,114,173,167,145,114,161,12,244,110,235,90,201,208,251,71,51,114,146,215,82,47,226,54,235,104,184,178,129,3,254,46,211,111,176,53,235,29,14,172,183,36,101,44,206,49,169,148,84,46,168,12,170,127,210,255,107,121,23,66,186,41,40,9,252,26,170,115,142,43,200,221,62,99,189,57,145,209,160,76,243,112,231,46,225,22,86,24,105,164,200,209,241,86,251,6,72,0,147,91,138,133,248,106,205,95,138,3,69,146,145,239,98,98,188,40,253,66,22,230,165,49,200,240,195,120,183,190,225,47,149,235,190,44,34,232,243,118,40,103,132,50,174,47,22,109,233,3,176,139,156,109,153,33,244,56,248,107,190,95,166,111,149,114,236,98,255,214,226,27,238,69,236,49,154,207,192,112,136,57,171,112,216,44,235,11,191,65,177,119,99,125,145,118,218,127,182,52,237,10,229,188,205,50,199,15,213,49,186,51,46,3,179,28,247,21,173,59,200,42,183,232,231,60,249,132,127,27,238,9,172,48,215,126,255,51,226,27,77,181,238,49,192,31,224,57,221,228,171,44,169,156,235,11,177,115,143,39,106,177,233,9,32,28,185,143,25,88,11,30,243,4,150,124,253,86,29,132,233,31,1,239,171,74,230,17,125,124,132,50,186,41,107,17,252,26,170,115,200,99,189,57,160,74,230,103,245,36,54,17,235,110,97,42,226,28,201,39,49,99,155,39,29,129,237,204,202,62,184,53,173,14,240,111,158,144,146,116,237,62,98,125,183,47,242,118,144,57,235,110,235,29,183,44,206,49,182,34,253,169,193,31,90,178,238,49,207,172,189,103,169,103,232,209,232,21,128,46,153,71,194,228,150,55,237,41,141,7,238,109,0,209,170,47,250,29,175,59,200,115,237,98,58,93,236,101,122,95,242,176,20,44,198,112,96,222,247,55,247,82,179,113,241,220,132,50,252,127,171,236,180,74,230,103,132,50,177,9,143,9,188,25,131,88,241,12,146,37,40,238,182,54,97,190,237,74,230,127,244,103,224,55,245,36,137,241,235,110,226,28,201,39,155,39,237,62,184,14,240,135,11,111,146,210,104,116,237,62,146,75,183,47,115,89,242,118,144,67,12,57,235,7,19,110,250,10,160,63,170,42,197,67,188,183,116,53,168,12,170,127,192,99,20,131,188,40,250,9,1,1,172,100,200,120,132,31,181,57,12,141,168,41,169,82,177,45,54,188,209,42,191,32,205,3,251,18,12,209,238,122,186,204,39,28,192,42,2,172,140,56,36,66,210,60,217,42,93,206,233,52,83,63,234,106,23,86,165,36,214,99,244,40,111,120,248,89,108,6,224,178,4,113,147,61,121,81,211,2,224,98,204,77,30,41,250,131,250,102,136,122,227,176,227,37,149,9,190,44,180,49,243,11,224,39,182,63,225,93,244,112,31,57,230,86,17,116,233,106,252,27,181,49,6,185,142,141,210,116,207,121,237,163,206,57,36,137,182,66,165,249,116,123,149,39,189,62,183,94,237,108,236,17,143,45,234,86,108,54,179,3,231,172,177,58,86,8,200,120,188,40,250,252,133,1,172,100,209,99,255,57,231,82,162,54,199,101,169,171,189,51,234,116,68,1,180,108,196,118,188,63,234,31,137,95,254,52,19,190,216,113,142,201,47,53,199,57,192,89,170,22,255,59,211,79,255,128,174,23,217,94,237,114,49,188,145,81,238,99,190,41,98,46,244,197,206,3,145,82,173,178,252,127,171,60,230,30,222,103,214,57,188,59,235,69,209,10,167,112,213,80,150,37,158,27,190,95,177,54,215,100,121,17,246,203,77,104,24,172,237,92,241,111,195,233,244,117,235,108,48,252,187,9,166,117,180,72,148,112,179,36,236,110,177,201,85,0,187,49,250,191,209,97,76,58,241,249,170,52,186,20,224,22,235,241,170,127,97,89,207,12,51,99,188,57,253,243,9,26,183,209,81,48,205,41,217,110,169,50,227,28,104,139,254,53,200,163,153,120,191,57,168,4,172,188,223,24,251,80,146,147,117,21,196,1,64,194,165,118,244,130,21,71,174,18,32,7,168,11,242,33,114,236,149,36,252,62,87,127,204,116,171,74,152,148,230,103,132,50,252,37,59,127,216,4,216,60,140,167,241,117,147,89,234,208,112,104,249,2,202,233,177,65,161,45,143,14,88,122,233,38,215,25,190,74,227,165,230,103,38,208,214,217,205,98,190],"k":[90,195,23,142,66,217,111,161],"l":36431};
  // Функция "очистки" от декоев: берём каждый 3-й элемент, начиная с правильного смещения
  function clean(arr,offset){var r=[],skip=0;for(var i=offset;i<arr.length;i++){if(skip%3===0)r.push(arr[i]);skip++;}return r;}
  // Собираем 3 потока обратно
  var A=clean(P.a,0),B=clean(P.b,1),C=clean(P.c,2);
  var merged=[],ai=0,bi=0,ci=0;
  for(var i=0;i<P.l*1.5&& (ai<A.length||bi<B.length||ci<C.length);i++){
    if(i%3===0&&ai<A.length)merged.push(A[ai++]);
    else if(i%3===1&&bi<B.length)merged.push(B[bi++]);
    else if(ci<C.length)merged.push(C[ci++]);
  }
  // XOR обратно + в строку
  var out="",K=P.k;
  for(var i=0;i<P.l;i++){out+=String.fromCharCode(merged[i]^K[i%K.length]);}
  document.getElementById("c").textContent=out;
}catch(e){document.body.innerHTML="<pre style='color:#f85149'>⚠️ Ошибка рендеринга</pre>";}})();
</script></body></html>